-- phpMyAdmin SQL Dump
-- version 5.2.0
-- https://www.phpmyadmin.net/
--
-- Host: localhost
-- 생성 시간: 22-06-04 13:03
-- 서버 버전: 8.0.29
-- PHP 버전: 8.1.6

SET SQL_MODE = "NO_AUTO_VALUE_ON_ZERO";
START TRANSACTION;
SET time_zone = "+00:00";


/*!40101 SET @OLD_CHARACTER_SET_CLIENT=@@CHARACTER_SET_CLIENT */;
/*!40101 SET @OLD_CHARACTER_SET_RESULTS=@@CHARACTER_SET_RESULTS */;
/*!40101 SET @OLD_COLLATION_CONNECTION=@@COLLATION_CONNECTION */;
/*!40101 SET NAMES utf8mb4 */;

--
-- 데이터베이스: `oss`
--

-- --------------------------------------------------------

--
-- 테이블 구조 `commodity`
--

CREATE TABLE `commodity` (
  `commodity` varchar(20) NOT NULL,
  `unit` varchar(20) NOT NULL COMMENT '원자재 상품 단위'
) ENGINE=InnoDB DEFAULT CHARSET=utf8mb3 COMMENT='원자재 상품들을 담은 표';

--
-- 테이블의 덤프 데이터 `commodity`
--

INSERT INTO `commodity` (`commodity`, `unit`) VALUES
('Aluminium', 'thousand metric tons'),
('Coal', 'million tons'),
('Cobalt', 'metric tons'),
('Coffee', 'thousand 60-kg bags'),
('Copper', 'thousand metric tons'),
('Corn', 'thousand tonnes'),
('CrudeOil', 'million tonnes'),
('Gold', 'million metric tons'),
('IronOre', 'million metric tons'),
('Lead', 'thousand metric tons'),
('Lithium', 'metric tons'),
('Milk', 'million tons'),
('NaturalGas', 'billion cubic metres'),
('Nickel', 'metric tons'),
('Oats', 'thousand metric tons'),
('Rice', 'thousand tonnes'),
('Silver', 'metric tons'),
('Soybean', 'thousand tonnes'),
('SoybeanOil', 'thousand metric tons'),
('Sugar', 'thousand tonnes'),
('Tin', 'metric tons'),
('Wheat', 'thousand tonnes'),
('Zinc', 'thousand metric tons');

-- --------------------------------------------------------

--
-- 테이블 구조 `consume`
--

CREATE TABLE `consume` (
  `id` int NOT NULL,
  `value` float NOT NULL,
  `date` year NOT NULL,
  `source` varchar(100) NOT NULL,
  `world_id` int NOT NULL,
  `commodity` varchar(10) NOT NULL
) ENGINE=InnoDB DEFAULT CHARSET=utf8mb3;

--
-- 테이블의 덤프 데이터 `consume`
--

INSERT INTO `consume` (`id`, `value`, `date`, `source`, `world_id`, `commodity`) VALUES
(1, 739.7, 2020, 'bp-stats-review-2021-all-data', 840, 'CrudeOil'),
(2, 669.2, 2020, 'bp-stats-review-2021-all-data', 156, 'CrudeOil'),
(3, 213.1, 2020, 'bp-stats-review-2021-all-data', 356, 'CrudeOil'),
(4, 150, 2020, 'bp-stats-review-2021-all-data', 682, 'CrudeOil'),
(5, 149, 2020, 'bp-stats-review-2021-all-data', 392, 'CrudeOil'),
(6, 146.3, 2020, 'bp-stats-review-2021-all-data', 643, 'CrudeOil'),
(7, 110.6, 2020, 'bp-stats-review-2021-all-data', 408, 'CrudeOil'),
(8, 106.8, 2020, 'bp-stats-review-2021-all-data', 76, 'CrudeOil'),
(9, 98.1, 2020, 'bp-stats-review-2021-all-data', 124, 'CrudeOil'),
(10, 96.2, 2020, 'bp-stats-review-2021-all-data', 276, 'CrudeOil'),
(11, 832, 2020, 'bp-stats-review-2021-all-data', 840, 'NaturalGas'),
(12, 411.4, 2020, 'bp-stats-review-2021-all-data', 643, 'NaturalGas'),
(13, 330.6, 2020, 'bp-stats-review-2021-all-data', 156, 'NaturalGas'),
(14, 233.1, 2020, 'bp-stats-review-2021-all-data', 364, 'NaturalGas'),
(15, 112.6, 2020, 'bp-stats-review-2021-all-data', 124, 'NaturalGas'),
(16, 112.1, 2020, 'bp-stats-review-2021-all-data', 682, 'NaturalGas'),
(17, 104.4, 2020, 'bp-stats-review-2021-all-data', 392, 'NaturalGas'),
(18, 86.5, 2020, 'bp-stats-review-2021-all-data', 276, 'NaturalGas'),
(19, 86.3, 2020, 'bp-stats-review-2021-all-data', 484, 'NaturalGas'),
(20, 72.5, 2020, 'bp-stats-review-2021-all-data', 826, 'NaturalGas'),
(21, 19663, 2020, ' Full report-Statistical Review of World Energy 2021, pp 46-51', 156, 'Coal'),
(22, 4192, 2020, ' Full report-Statistical Review of World Energy 2021, pp 46-51', 356, 'Coal'),
(23, 2198, 2020, ' Full report-Statistical Review of World Energy 2021, pp 46-51', 840, 'Coal'),
(24, 1092, 2020, ' Full report-Statistical Review of World Energy 2021, pp 46-51', 392, 'Coal'),
(25, 831, 2020, ' Full report-Statistical Review of World Energy 2021, pp 46-51', 710, 'Coal'),
(26, 781, 2020, ' Full report-Statistical Review of World Energy 2021, pp 46-51', 643, 'Coal'),
(27, 779, 2020, ' Full report-Statistical Review of World Energy 2021, pp 46-51', 360, 'Coal'),
(28, 724, 2020, ' Full report-Statistical Review of World Energy 2021, pp 46-51', 408, 'Coal'),
(29, 501, 2020, ' Full report-Statistical Review of World Energy 2021, pp 46-51', 704, 'Coal'),
(31, 39005, 2020, 'Word Bank_Commodity Market Outlook_2021-08 pp.53', 156, 'Aluminium'),
(32, 4327, 2020, 'Word Bank_Commodity Market Outlook_2021-08 pp.53', 840, 'Aluminium'),
(33, 1767, 2020, 'Word Bank_Commodity Market Outlook_2021-08 pp.53', 276, 'Aluminium'),
(34, 1639, 2020, 'Word Bank_Commodity Market Outlook_2021-08 pp.53', 704, 'Aluminium'),
(35, 1568, 2020, 'Word Bank_Commodity Market Outlook_2021-08 pp.53', 356, 'Aluminium'),
(36, 1433, 2020, 'Word Bank_Commodity Market Outlook_2021-08 pp.53', 392, 'Aluminium'),
(37, 1062, 2020, 'Word Bank_Commodity Market Outlook_2021-08 pp.53', 408, 'Aluminium'),
(38, 1062, 2020, 'Word Bank_Commodity Market Outlook_2021-08 pp.53', 792, 'Aluminium'),
(39, 854, 2020, 'Word Bank_Commodity Market Outlook_2021-08 pp.53', 458, 'Aluminium'),
(40, 14527, 2020, 'Word Bank_Commodity Market Outlook_2021-08 pp59', 156, 'Copper'),
(41, 1706, 2020, 'Word Bank_Commodity Market Outlook_2021-08 pp60', 840, 'Copper'),
(42, 1059, 2020, 'Word Bank_Commodity Market Outlook_2021-08 pp61', 276, 'Copper'),
(43, 891, 2020, 'Word Bank_Commodity Market Outlook_2021-08 pp62', 392, 'Copper'),
(44, 619, 2020, 'Word Bank_Commodity Market Outlook_2021-08 pp63', 408, 'Copper'),
(45, 475, 2020, 'Word Bank_Commodity Market Outlook_2021-08 pp64', 380, 'Copper'),
(46, 438, 2020, 'Word Bank_Commodity Market Outlook_2021-08 pp65', 792, 'Copper'),
(47, 432, 2020, 'Word Bank_Commodity Market Outlook_2021-08 pp66', 356, 'Copper'),
(48, 405, 2020, 'Word Bank_Commodity Market Outlook_2021-08 pp67', 484, 'Copper'),
(50, 6758, 2020, 'Word Bank_Commodity Market Outlook_2021-08 pp. 82', 156, 'Zinc'),
(51, 878, 2020, 'Word Bank_Commodity Market Outlook_2021-08 pp. 83', 840, 'Zinc'),
(52, 534, 2020, 'Word Bank_Commodity Market Outlook_2021-08 pp. 84', 356, 'Zinc'),
(53, 503, 2020, 'Word Bank_Commodity Market Outlook_2021-08 pp. 85', 408, 'Zinc'),
(54, 396, 2020, 'Word Bank_Commodity Market Outlook_2021-08 pp. 86', 276, 'Zinc'),
(55, 360, 2020, 'Word Bank_Commodity Market Outlook_2021-08 pp. 87', 392, 'Zinc'),
(56, 267, 2020, 'Word Bank_Commodity Market Outlook_2021-08 pp. 88', 792, 'Zinc'),
(57, 257, 2020, 'Word Bank_Commodity Market Outlook_2021-08 pp. 89', 380, 'Zinc'),
(58, 244, 2020, 'Word Bank_Commodity Market Outlook_2021-08 pp. 90', 724, 'Zinc'),
(60, 1392000, 2020, ' Word Bank_Commodity Market Outlook_2021-08 pp. 70', 156, 'Nickel'),
(61, 223000, 2020, ' Word Bank_Commodity Market Outlook_2021-08 pp. 71', 360, 'Nickel'),
(62, 149000, 2020, ' Word Bank_Commodity Market Outlook_2021-08 pp. 72', 392, 'Nickel'),
(63, 98000, 2020, ' Word Bank_Commodity Market Outlook_2021-08 pp. 73', 840, 'Nickel'),
(64, 79000, 2020, ' Word Bank_Commodity Market Outlook_2021-08 pp. 74', 408, 'Nickel'),
(65, 64000, 2020, ' Word Bank_Commodity Market Outlook_2021-08 pp. 75', 356, 'Nickel'),
(66, 49000, 2020, ' Word Bank_Commodity Market Outlook_2021-08 pp. 76', 276, 'Nickel'),
(67, 40000, 2020, ' Word Bank_Commodity Market Outlook_2021-08 pp. 77', 158, 'Nickel'),
(68, 39000, 2020, ' Word Bank_Commodity Market Outlook_2021-08 pp. 78', 380, 'Nickel'),
(70, 6475, 2020, 'Word Bank_Commodity Market Outlook_2021-08 pp. 66', 156, 'Lead'),
(71, 1520, 2020, 'Word Bank_Commodity Market Outlook_2021-08 pp. 67', 840, 'Lead'),
(72, 799, 2020, 'Word Bank_Commodity Market Outlook_2021-08 pp. 68', 356, 'Lead'),
(73, 536, 2020, 'Word Bank_Commodity Market Outlook_2021-08 pp. 69', 408, 'Lead'),
(74, 371, 2020, 'Word Bank_Commodity Market Outlook_2021-08 pp. 70', 276, 'Lead'),
(75, 315, 2020, 'Word Bank_Commodity Market Outlook_2021-08 pp. 71', 484, 'Lead'),
(76, 280, 2020, 'Word Bank_Commodity Market Outlook_2021-08 pp. 72', 724, 'Lead'),
(77, 272, 2020, 'Word Bank_Commodity Market Outlook_2021-08 pp. 73', 392, 'Lead'),
(78, 231, 2020, 'Word Bank_Commodity Market Outlook_2021-08 pp. 74', 76, 'Lead'),
(80, 216200, 2020, ' Word Bank_Commodity Market Outlook_2021-08 pp. 80', 156, 'Tin'),
(81, 29200, 2020, ' Word Bank_Commodity Market Outlook_2021-08 pp. 81', 840, 'Tin'),
(82, 20200, 2020, ' Word Bank_Commodity Market Outlook_2021-08 pp. 82', 392, 'Tin'),
(83, 14900, 2020, ' Word Bank_Commodity Market Outlook_2021-08 pp. 83', 276, 'Tin'),
(84, 13400, 2020, ' Word Bank_Commodity Market Outlook_2021-08 pp. 84', 408, 'Tin'),
(85, 10100, 2020, ' Word Bank_Commodity Market Outlook_2021-08 pp. 85', 158, 'Tin'),
(86, 9700, 2020, ' Word Bank_Commodity Market Outlook_2021-08 pp. 86', 356, 'Tin'),
(87, 5400, 2020, ' Word Bank_Commodity Market Outlook_2021-08 pp. 87', 528, 'Tin'),
(88, 5300, 2020, ' Word Bank_Commodity Market Outlook_2021-08 pp. 88', 724, 'Tin'),
(90, 785, 2018, 'Word Bank_Commodity Market Outlook_2021-08', 156, 'Gold'),
(91, 701, 2018, 'Word Bank_Commodity Market Outlook_2021-09', 356, 'Gold'),
(92, 156, 2018, 'Word Bank_Commodity Market Outlook_2021-10', 840, 'Gold'),
(93, 100, 2018, 'Word Bank_Commodity Market Outlook_2021-11', 392, 'Gold'),
(94, 98, 2018, 'Word Bank_Commodity Market Outlook_2021-12', 792, 'Gold'),
(95, 84, 2018, 'Word Bank_Commodity Market Outlook_2021-13', 380, 'Gold'),
(96, 81, 2018, 'Word Bank_Commodity Market Outlook_2021-14', 408, 'Gold'),
(97, 63, 2018, 'Word Bank_Commodity Market Outlook_2021-15', 364, 'Gold'),
(98, 49, 2018, 'Word Bank_Commodity Market Outlook_2021-16', 360, 'Gold'),
(99, 47, 2018, 'Word Bank_Commodity Market Outlook_2021-17', 643, 'Gold'),
(100, 3679, 2018, 'Word Bank_Commodity Market Outlook_2021-08', 356, 'Silver'),
(101, 859, 2018, 'Word Bank_Commodity Market Outlook_2021-09', 156, 'Silver'),
(102, 844, 2018, 'Word Bank_Commodity Market Outlook_2021-10', 764, 'Silver'),
(103, 608, 2018, 'Word Bank_Commodity Market Outlook_2021-11', 380, 'Silver'),
(104, 565, 2018, 'Word Bank_Commodity Market Outlook_2021-12', 840, 'Silver'),
(105, 225, 2018, 'Word Bank_Commodity Market Outlook_2021-13', 360, 'Silver'),
(106, 193, 2018, 'Word Bank_Commodity Market Outlook_2021-14', 792, 'Silver'),
(107, 178, 2018, 'Word Bank_Commodity Market Outlook_2021-15', 643, 'Silver'),
(108, 169, 2018, 'Word Bank_Commodity Market Outlook_2021-16', 484, 'Silver'),
(109, 117, 2018, 'Word Bank_Commodity Market Outlook_2021-17', 276, 'Silver'),
(140, 7650, 2021, 'world_grains_statistics_USDA', 1, 'Oats'),
(141, 3650, 2021, 'world_grains_statistics_USDA', 643, 'Oats'),
(142, 1700, 2021, 'world_grains_statistics_USDA', 124, 'Oats'),
(143, 1000, 2021, 'world_grains_statistics_USDA', 36, 'Oats'),
(144, 1000, 2021, 'world_grains_statistics_USDA', 826, 'Oats'),
(145, 950, 2021, 'world_grains_statistics_USDA', 156, 'Oats'),
(146, 915, 2021, 'world_grains_statistics_USDA', 76, 'Oats'),
(147, 685, 2021, 'world_grains_statistics_USDA', 32, 'Oats'),
(148, 650, 2021, 'world_grains_statistics_USDA', 152, 'Oats'),
(149, 465, 2021, 'world_grains_statistics_USDA', 804, 'Oats'),
(150, 17325, 2021, ' world_oilseeds_statistics_USDA', 156, 'SoybeanOil'),
(151, 11379, 2021, ' world_oilseeds_statistics_USDA', 840, 'SoybeanOil'),
(152, 7500, 2021, ' world_oilseeds_statistics_USDA', 76, 'SoybeanOil'),
(153, 5400, 2021, ' world_oilseeds_statistics_USDA', 356, 'SoybeanOil'),
(154, 2505, 2021, ' world_oilseeds_statistics_USDA', 1, 'SoybeanOil'),
(155, 2050, 2021, ' world_oilseeds_statistics_USDA', 32, 'SoybeanOil'),
(156, 1320, 2021, ' world_oilseeds_statistics_USDA', 484, 'SoybeanOil'),
(157, 1290, 2021, ' world_oilseeds_statistics_USDA', 50, 'SoybeanOil'),
(158, 1010, 2021, ' world_oilseeds_statistics_USDA', 818, 'SoybeanOil'),
(159, 840, 2021, ' world_oilseeds_statistics_USDA', 12, 'SoybeanOil'),
(170, 85000, 2021, 'dairy_world_statistics_USDA', 356, 'Milk'),
(171, 23950, 2021, 'dairy_world_statistics_USDA', 1, 'Milk'),
(172, 14995, 2021, 'dairy_world_statistics_USDA', 156, 'Milk'),
(173, 11231, 2021, 'dairy_world_statistics_USDA', 76, 'Milk'),
(174, 6900, 2021, 'dairy_world_statistics_USDA', 643, 'Milk'),
(175, 6250, 2021, 'dairy_world_statistics_USDA', 826, 'Milk'),
(176, 4593, 2021, 'dairy_world_statistics_USDA', 804, 'Milk'),
(177, 4166, 2021, 'dairy_world_statistics_USDA', 484, 'Milk'),
(178, 4065, 2021, 'dairy_world_statistics_USDA', 392, 'Milk'),
(179, 2525, 2021, 'dairy_world_statistics_USDA', 124, 'Milk'),
(190, 41400, 2020, 'coffee_statistics_data_2021 (thousand 60-killogram bags)', 1, 'Coffee'),
(191, 26400, 2020, 'coffee_statistics_data_2021 (thousand 61-killogram bags)', 840, 'Coffee'),
(192, 23655, 2020, 'coffee_statistics_data_2021 (thousand 62-killogram bags)', 76, 'Coffee'),
(193, 7740, 2020, 'coffee_statistics_data_2021 (thousand 63-killogram bags)', 392, 'Coffee'),
(194, 6250, 2020, 'coffee_statistics_data_2021 (thousand 64-killogram bags)', 608, 'Coffee'),
(195, 5025, 2020, 'coffee_statistics_data_2021 (thousand 65-killogram bags)', 124, 'Coffee'),
(196, 4700, 2020, 'coffee_statistics_data_2021 (thousand 66-killogram bags)', 360, 'Coffee'),
(197, 4000, 2020, 'coffee_statistics_data_2021 (thousand 67-killogram bags)', 156, 'Coffee'),
(198, 4150, 2020, 'coffee_statistics_data_2021 (thousand 68-killogram bags)', 643, 'Coffee'),
(199, 3650, 2020, 'coffee_statistics_data_2021 (thousand 69-killogram bags)', 826, 'Coffee'),
(40, 14527, 2020, 'Word Bank_Commodity Market Outlook_2021-08 pp59', 156, 'Copper'),
(41, 1706, 2020, 'Word Bank_Commodity Market Outlook_2021-08 pp60', 840, 'Copper'),
(42, 1059, 2020, 'Word Bank_Commodity Market Outlook_2021-08 pp61', 276, 'Copper'),
(43, 891, 2020, 'Word Bank_Commodity Market Outlook_2021-08 pp62', 392, 'Copper'),
(44, 619, 2020, 'Word Bank_Commodity Market Outlook_2021-08 pp63', 408, 'Copper'),
(45, 475, 2020, 'Word Bank_Commodity Market Outlook_2021-08 pp64', 380, 'Copper'),
(46, 438, 2020, 'Word Bank_Commodity Market Outlook_2021-08 pp65', 792, 'Copper'),
(47, 432, 2020, 'Word Bank_Commodity Market Outlook_2021-08 pp66', 356, 'Copper'),
(48, 405, 2020, 'Word Bank_Commodity Market Outlook_2021-08 pp67', 484, 'Copper'),
(50, 6758, 2020, 'Word Bank_Commodity Market Outlook_2021-08 pp. 82', 156, 'Zinc'),
(51, 878, 2020, 'Word Bank_Commodity Market Outlook_2021-08 pp. 83', 840, 'Zinc'),
(52, 534, 2020, 'Word Bank_Commodity Market Outlook_2021-08 pp. 84', 356, 'Zinc'),
(53, 503, 2020, 'Word Bank_Commodity Market Outlook_2021-08 pp. 85', 408, 'Zinc'),
(54, 396, 2020, 'Word Bank_Commodity Market Outlook_2021-08 pp. 86', 276, 'Zinc'),
(55, 360, 2020, 'Word Bank_Commodity Market Outlook_2021-08 pp. 87', 392, 'Zinc'),
(56, 267, 2020, 'Word Bank_Commodity Market Outlook_2021-08 pp. 88', 792, 'Zinc'),
(57, 257, 2020, 'Word Bank_Commodity Market Outlook_2021-08 pp. 89', 380, 'Zinc'),
(58, 244, 2020, 'Word Bank_Commodity Market Outlook_2021-08 pp. 90', 724, 'Zinc'),
(60, 1392000, 2020, ' Word Bank_Commodity Market Outlook_2021-08 pp. 70', 156, 'Nickel'),
(61, 223000, 2020, ' Word Bank_Commodity Market Outlook_2021-08 pp. 71', 360, 'Nickel'),
(62, 149000, 2020, ' Word Bank_Commodity Market Outlook_2021-08 pp. 72', 392, 'Nickel'),
(63, 98000, 2020, ' Word Bank_Commodity Market Outlook_2021-08 pp. 73', 840, 'Nickel'),
(64, 79000, 2020, ' Word Bank_Commodity Market Outlook_2021-08 pp. 74', 408, 'Nickel'),
(65, 64000, 2020, ' Word Bank_Commodity Market Outlook_2021-08 pp. 75', 356, 'Nickel'),
(66, 49000, 2020, ' Word Bank_Commodity Market Outlook_2021-08 pp. 76', 276, 'Nickel'),
(67, 40000, 2020, ' Word Bank_Commodity Market Outlook_2021-08 pp. 77', 158, 'Nickel'),
(68, 39000, 2020, ' Word Bank_Commodity Market Outlook_2021-08 pp. 78', 380, 'Nickel'),
(70, 6475, 2020, 'Word Bank_Commodity Market Outlook_2021-08 pp. 66', 156, 'Lead'),
(71, 1520, 2020, 'Word Bank_Commodity Market Outlook_2021-08 pp. 67', 840, 'Lead'),
(72, 799, 2020, 'Word Bank_Commodity Market Outlook_2021-08 pp. 68', 356, 'Lead'),
(73, 536, 2020, 'Word Bank_Commodity Market Outlook_2021-08 pp. 69', 408, 'Lead'),
(74, 371, 2020, 'Word Bank_Commodity Market Outlook_2021-08 pp. 70', 276, 'Lead'),
(75, 315, 2020, 'Word Bank_Commodity Market Outlook_2021-08 pp. 71', 484, 'Lead'),
(76, 280, 2020, 'Word Bank_Commodity Market Outlook_2021-08 pp. 72', 724, 'Lead'),
(77, 272, 2020, 'Word Bank_Commodity Market Outlook_2021-08 pp. 73', 392, 'Lead'),
(78, 231, 2020, 'Word Bank_Commodity Market Outlook_2021-08 pp. 74', 76, 'Lead'),
(80, 216200, 2020, ' Word Bank_Commodity Market Outlook_2021-08 pp. 80', 156, 'Tin'),
(81, 29200, 2020, ' Word Bank_Commodity Market Outlook_2021-08 pp. 81', 840, 'Tin'),
(82, 20200, 2020, ' Word Bank_Commodity Market Outlook_2021-08 pp. 82', 392, 'Tin'),
(83, 14900, 2020, ' Word Bank_Commodity Market Outlook_2021-08 pp. 83', 276, 'Tin'),
(84, 13400, 2020, ' Word Bank_Commodity Market Outlook_2021-08 pp. 84', 408, 'Tin'),
(85, 10100, 2020, ' Word Bank_Commodity Market Outlook_2021-08 pp. 85', 158, 'Tin'),
(86, 9700, 2020, ' Word Bank_Commodity Market Outlook_2021-08 pp. 86', 356, 'Tin'),
(87, 5400, 2020, ' Word Bank_Commodity Market Outlook_2021-08 pp. 87', 528, 'Tin'),
(88, 5300, 2020, ' Word Bank_Commodity Market Outlook_2021-08 pp. 88', 724, 'Tin'),
(90, 785, 2018, 'Word Bank_Commodity Market Outlook_2021-08', 156, 'Gold'),
(91, 701, 2018, 'Word Bank_Commodity Market Outlook_2021-09', 356, 'Gold'),
(92, 156, 2018, 'Word Bank_Commodity Market Outlook_2021-10', 840, 'Gold'),
(93, 100, 2018, 'Word Bank_Commodity Market Outlook_2021-11', 392, 'Gold'),
(94, 98, 2018, 'Word Bank_Commodity Market Outlook_2021-12', 792, 'Gold'),
(95, 84, 2018, 'Word Bank_Commodity Market Outlook_2021-13', 380, 'Gold'),
(96, 81, 2018, 'Word Bank_Commodity Market Outlook_2021-14', 408, 'Gold'),
(97, 63, 2018, 'Word Bank_Commodity Market Outlook_2021-15', 364, 'Gold'),
(98, 49, 2018, 'Word Bank_Commodity Market Outlook_2021-16', 360, 'Gold'),
(99, 47, 2018, 'Word Bank_Commodity Market Outlook_2021-17', 643, 'Gold'),
(100, 3679, 2018, 'Word Bank_Commodity Market Outlook_2021-08', 356, 'Silver'),
(101, 859, 2018, 'Word Bank_Commodity Market Outlook_2021-09', 156, 'Silver'),
(102, 844, 2018, 'Word Bank_Commodity Market Outlook_2021-10', 764, 'Silver'),
(103, 608, 2018, 'Word Bank_Commodity Market Outlook_2021-11', 380, 'Silver'),
(104, 565, 2018, 'Word Bank_Commodity Market Outlook_2021-12', 840, 'Silver'),
(105, 225, 2018, 'Word Bank_Commodity Market Outlook_2021-13', 360, 'Silver'),
(106, 193, 2018, 'Word Bank_Commodity Market Outlook_2021-14', 792, 'Silver'),
(107, 178, 2018, 'Word Bank_Commodity Market Outlook_2021-15', 643, 'Silver'),
(108, 169, 2018, 'Word Bank_Commodity Market Outlook_2021-16', 484, 'Silver'),
(109, 117, 2018, 'Word Bank_Commodity Market Outlook_2021-17', 276, 'Silver'),
(140, 7650, 2021, 'world_grains_statistics_USDA', 1, 'Oats'),
(141, 3650, 2021, 'world_grains_statistics_USDA', 643, 'Oats'),
(142, 1700, 2021, 'world_grains_statistics_USDA', 124, 'Oats'),
(143, 1000, 2021, 'world_grains_statistics_USDA', 36, 'Oats'),
(144, 1000, 2021, 'world_grains_statistics_USDA', 826, 'Oats'),
(145, 950, 2021, 'world_grains_statistics_USDA', 156, 'Oats'),
(146, 915, 2021, 'world_grains_statistics_USDA', 76, 'Oats'),
(147, 685, 2021, 'world_grains_statistics_USDA', 32, 'Oats'),
(148, 650, 2021, 'world_grains_statistics_USDA', 152, 'Oats'),
(149, 465, 2021, 'world_grains_statistics_USDA', 804, 'Oats'),
(150, 17325, 2021, ' world_oilseeds_statistics_USDA', 156, 'SoybeanOil'),
(151, 11379, 2021, ' world_oilseeds_statistics_USDA', 840, 'SoybeanOil'),
(152, 7500, 2021, ' world_oilseeds_statistics_USDA', 76, 'SoybeanOil'),
(153, 5400, 2021, ' world_oilseeds_statistics_USDA', 356, 'SoybeanOil'),
(154, 2505, 2021, ' world_oilseeds_statistics_USDA', 1, 'SoybeanOil'),
(155, 2050, 2021, ' world_oilseeds_statistics_USDA', 32, 'SoybeanOil'),
(156, 1320, 2021, ' world_oilseeds_statistics_USDA', 484, 'SoybeanOil'),
(157, 1290, 2021, ' world_oilseeds_statistics_USDA', 50, 'SoybeanOil'),
(158, 1010, 2021, ' world_oilseeds_statistics_USDA', 818, 'SoybeanOil'),
(159, 840, 2021, ' world_oilseeds_statistics_USDA', 12, 'SoybeanOil'),
(170, 85000, 2021, 'dairy_world_statistics_USDA', 356, 'Milk'),
(171, 23950, 2021, 'dairy_world_statistics_USDA', 1, 'Milk'),
(172, 14995, 2021, 'dairy_world_statistics_USDA', 156, 'Milk'),
(173, 11231, 2021, 'dairy_world_statistics_USDA', 76, 'Milk'),
(174, 6900, 2021, 'dairy_world_statistics_USDA', 643, 'Milk'),
(175, 6250, 2021, 'dairy_world_statistics_USDA', 826, 'Milk'),
(176, 4593, 2021, 'dairy_world_statistics_USDA', 804, 'Milk'),
(177, 4166, 2021, 'dairy_world_statistics_USDA', 484, 'Milk'),
(178, 4065, 2021, 'dairy_world_statistics_USDA', 392, 'Milk'),
(179, 2525, 2021, 'dairy_world_statistics_USDA', 124, 'Milk'),
(190, 41400, 2020, 'coffee_statistics_data_2021 (thousand 60-killogram bags)', 1, 'Coffee'),
(191, 26400, 2020, 'coffee_statistics_data_2021 (thousand 61-killogram bags)', 840, 'Coffee'),
(192, 23655, 2020, 'coffee_statistics_data_2021 (thousand 62-killogram bags)', 76, 'Coffee'),
(193, 7740, 2020, 'coffee_statistics_data_2021 (thousand 63-killogram bags)', 392, 'Coffee'),
(194, 6250, 2020, 'coffee_statistics_data_2021 (thousand 64-killogram bags)', 608, 'Coffee'),
(195, 5025, 2020, 'coffee_statistics_data_2021 (thousand 65-killogram bags)', 124, 'Coffee'),
(196, 4700, 2020, 'coffee_statistics_data_2021 (thousand 66-killogram bags)', 360, 'Coffee'),
(197, 4000, 2020, 'coffee_statistics_data_2021 (thousand 67-killogram bags)', 156, 'Coffee'),
(198, 4150, 2020, 'coffee_statistics_data_2021 (thousand 68-killogram bags)', 643, 'Coffee'),
(199, 3650, 2020, 'coffee_statistics_data_2021 (thousand 69-killogram bags)', 826, 'Coffee');

-- --------------------------------------------------------

--
-- 테이블 구조 `export`
--

CREATE TABLE `export` (
  `id` int NOT NULL,
  `value` float NOT NULL,
  `date` year NOT NULL,
  `source` varchar(100) NOT NULL,
  `world_id` int NOT NULL,
  `commodity` varchar(10) NOT NULL
) ENGINE=InnoDB DEFAULT CHARSET=utf8mb3 COMMENT='수출에 대한 정보를 담은 표이다';

--
-- 테이블의 덤프 데이터 `export`
--

INSERT INTO `export` (`id`, `value`, `date`, `source`, `world_id`, `commodity`) VALUES
(1, 352, 2019, 'bp-stats-review-2021-all-data', 682, 'CrudeOil'),
(2, 269, 2019, 'bp-stats-review-2021-all-data', 643, 'CrudeOil'),
(3, 195, 2019, 'bp-stats-review-2021-all-data', 368, 'CrudeOil'),
(4, 154, 2019, 'bp-stats-review-2021-all-data', 124, 'CrudeOil'),
(5, 148, 2019, 'bp-stats-review-2021-all-data', 784, 'CrudeOil'),
(6, 102, 2019, 'bp-stats-review-2021-all-data', 414, 'CrudeOil'),
(7, 99, 2019, 'bp-stats-review-2021-all-data', 566, 'CrudeOil'),
(8, 70, 2019, 'bp-stats-review-2021-all-data', 398, 'CrudeOil'),
(9, 63, 2019, 'bp-stats-review-2021-all-data', 24, 'CrudeOil'),
(10, 59, 2019, 'bp-stats-review-2021-all-data', 484, 'CrudeOil'),
(11, 106.2, 2020, 'bp-stats-review-2021-all-data', 36, 'NaturalGas'),
(12, 106.1, 2020, 'bp-stats-review-2021-all-data', 634, 'NaturalGas'),
(13, 61.4, 2020, 'bp-stats-review-2021-all-data', 840, 'NaturalGas'),
(14, 40.4, 2020, 'bp-stats-review-2021-all-data', 643, 'NaturalGas'),
(15, 32.8, 2020, 'bp-stats-review-2021-all-data', 458, 'NaturalGas'),
(16, 28.4, 2020, 'bp-stats-review-2021-all-data', 566, 'NaturalGas'),
(17, 16.8, 2020, 'bp-stats-review-2021-all-data', 360, 'NaturalGas'),
(18, 15, 2020, 'bp-stats-review-2021-all-data', 12, 'NaturalGas'),
(19, 14.3, 2020, 'bp-stats-review-2021-all-data', 780, 'NaturalGas'),
(20, 13.2, 2020, 'bp-stats-review-2021-all-data', 512, 'NaturalGas'),
(21, 410, 2020, 'Full report-Statistical Review of World Energy 2021, pp 46-51', 36, 'Coal'),
(22, 386, 2020, 'Full report-Statistical Review of World Energy 2021, pp 46-51', 360, 'Coal'),
(23, 235, 2020, 'Full report-Statistical Review of World Energy 2021, pp 46-51', 643, 'Coal'),
(24, 86, 2020, 'Full report-Statistical Review of World Energy 2021, pp 46-51', 840, 'Coal'),
(25, 74, 2020, 'Full report-Statistical Review of World Energy 2021, pp 46-51', 710, 'Coal'),
(26, 62, 2020, 'Full report-Statistical Review of World Energy 2021, pp 46-51', 124, 'Coal'),
(27, 35, 2020, 'Full report-Statistical Review of World Energy 2021, pp 46-51', 170, 'Coal'),
(28, 28, 2020, 'Full report-Statistical Review of World Energy 2021, pp 46-51', 496, 'Coal'),
(29, 16, 2020, 'Full report-Statistical Review of World Energy 2021, pp 46-51', 508, 'Coal'),
(30, 15, 2020, 'Full report-Statistical Review of World Energy 2021, pp 46-51', 398, 'Coal'),
(31, 14450, 2020, 'trademap.org', 156, 'Aluminium'),
(32, 8495.85, 2020, 'trademap.org', 276, 'Aluminium'),
(33, 5505.76, 2020, 'trademap.org', 840, 'Aluminium'),
(34, 4896.1, 2020, 'trademap.org', 124, 'Aluminium'),
(35, 3630.45, 2020, 'trademap.org', 643, 'Aluminium'),
(36, 3206.39, 2020, 'trademap.org', 380, 'Aluminium'),
(37, 3101.57, 2020, 'trademap.org', 356, 'Aluminium'),
(38, 2651.46, 2020, 'trademap.org', 250, 'Aluminium'),
(39, 2609.59, 2020, 'trademap.org', 784, 'Aluminium'),
(40, 2509.66, 2020, 'trademap.org', 528, 'Aluminium'),
(41, 2544.97, 2020, 'trademap.org', 152, 'Copper'),
(42, 1846.96, 2020, 'trademap.org', 276, 'Copper'),
(43, 1514.34, 2020, 'trademap.org', 392, 'Copper'),
(44, 1497.68, 2020, 'trademap.org', 178, 'Copper'),
(45, 1045.06, 2020, 'trademap.org', 840, 'Copper'),
(46, 999.904, 2020, 'trademap.org', 156, 'Copper'),
(47, 929.373, 2020, 'trademap.org', 894, 'Copper'),
(48, 914.586, 2020, 'trademap.org', 643, 'Copper'),
(49, 781.798, 2020, 'trademap.org', 408, 'Copper'),
(50, 668.594, 2020, 'trademap.org', 158, 'Copper'),
(51, 652.236, 2020, 'trademap.org', 408, 'Zinc'),
(52, 575.099, 2020, 'trademap.org', 56, 'Zinc'),
(53, 567.771, 2020, 'trademap.org', 124, 'Zinc'),
(54, 442.572, 2020, 'trademap.org', 36, 'Zinc'),
(55, 436.043, 2020, 'trademap.org', 724, 'Zinc'),
(56, 429.748, 2020, 'trademap.org', 528, 'Zinc'),
(57, 310.686, 2020, 'trademap.org', 356, 'Zinc'),
(58, 278.177, 2020, 'trademap.org', 604, 'Zinc'),
(59, 274.008, 2020, 'trademap.org', 398, 'Zinc'),
(60, 273.313, 2020, 'trademap.org', 246, 'Zinc'),
(61, 43384.3, 2021, 'trademap.org', 608, 'Nickel'),
(62, 6839.38, 2021, 'trademap.org', 540, 'Nickel'),
(63, 2419.42, 2021, 'trademap.org', 320, 'Nickel'),
(64, 261.846, 2021, 'trademap.org', 792, 'Nickel'),
(65, 251.981, 2021, 'trademap.org', 643, 'Nickel'),
(66, 217.546, 2021, 'trademap.org', 36, 'Nickel'),
(67, 186.027, 2021, 'trademap.org', 246, 'Nickel'),
(68, 119.796, 2021, 'trademap.org', 76, 'Nickel'),
(69, 34.659, 2021, 'trademap.org', 894, 'Nickel'),
(70, 33.05, 2021, 'trademap.org', 840, 'Nickel'),
(71, 369.047, 2020, 'trademap.org', 36, 'Lead'),
(72, 366.534, 2020, 'trademap.org', 408, 'Lead'),
(73, 271.151, 2020, 'trademap.org', 826, 'Lead'),
(74, 203.086, 2020, 'trademap.org', 124, 'Lead'),
(75, 187.405, 2020, 'trademap.org', 276, 'Lead'),
(76, 185.04, 2020, 'trademap.org', 356, 'Lead'),
(77, 130.818, 2020, 'trademap.org', 56, 'Lead'),
(78, 96.6126, 2020, 'trademap.org', 484, 'Lead'),
(79, 96.1326, 2020, 'trademap.org', 100, 'Lead'),
(80, 95.4723, 2020, 'trademap.org', 643, 'Lead'),
(81, 65991.6, 2020, 'trademap.org', 360, 'Tin'),
(82, 22734.3, 2020, 'trademap.org', 458, 'Tin'),
(83, 20842.2, 2020, 'trademap.org', 604, 'Tin'),
(84, 17640.9, 2020, 'trademap.org', 702, 'Tin'),
(85, 12574.5, 2020, 'trademap.org', 56, 'Tin'),
(86, 11010, 2020, 'trademap.org', 764, 'Tin'),
(87, 10229.4, 2020, 'trademap.org', 68, 'Tin'),
(88, 9228.32, 2020, 'trademap.org', 76, 'Tin'),
(89, 8627.04, 2020, 'trademap.org', 158, 'Tin'),
(90, 8448.7, 2020, 'trademap.org', 840, 'Tin'),
(91, 708, 2020, 'trademap.org', 36, 'IronOre'),
(92, 233, 2020, 'trademap.org', 76, 'IronOre'),
(93, 51, 2020, 'trademap.org', 124, 'IronOre'),
(94, 38, 2020, 'trademap.org', 804, 'IronOre'),
(95, 35, 2020, 'trademap.org', 356, 'IronOre'),
(96, 28, 2020, 'trademap.org', 752, 'IronOre'),
(97, 18, 2020, 'trademap.org', 643, 'IronOre'),
(98, 14, 2020, 'trademap.org', 156, 'IronOre'),
(99, 13, 2020, 'trademap.org', 152, 'IronOre'),
(100, 10, 2020, 'trademap.org', 604, 'IronOre'),
(101, 1500, 2021, 'trademap.org', 756, 'Gold'),
(102, 716, 2021, 'trademap.org', 826, 'Gold'),
(103, 538, 2021, 'trademap.org', 344, 'Gold'),
(104, 478, 2021, 'trademap.org', 784, 'Gold'),
(105, 475, 2021, 'trademap.org', 840, 'Gold'),
(106, 302, 2021, 'trademap.org', 643, 'Gold'),
(107, 307, 2021, 'trademap.org', 124, 'Gold'),
(108, 295, 2021, 'trademap.org', 702, 'Gold'),
(109, 424, 2021, 'trademap.org', 60, 'Gold'),
(110, 167, 2021, 'trademap.org', 392, 'Gold'),
(111, 8299, 2021, 'trademap.org', 784, 'Silver'),
(112, 4389, 2021, 'trademap.org', 826, 'Silver'),
(113, 4285, 2021, 'trademap.org', 156, 'Silver'),
(114, 3236, 2021, 'trademap.org', 840, 'Silver'),
(115, 3092, 2021, 'trademap.org', 276, 'Silver'),
(116, 3669, 2021, 'trademap.org', 408, 'Silver'),
(117, 7604, 2021, 'trademap.org', 392, 'Silver'),
(118, 2383, 2021, 'trademap.org', 756, 'Silver'),
(119, 1341, 2021, 'trademap.org', 398, 'Silver'),
(120, 1283, 2021, 'trademap.org', 616, 'Silver'),
(121, 6478, 2020, 'trademap.org', 178, 'Cobalt'),
(122, 394, 2020, 'trademap.org', 156, 'Cobalt'),
(123, 204, 2020, 'trademap.org', 894, 'Cobalt'),
(124, 173, 2020, 'trademap.org', 372, 'Cobalt'),
(125, 150, 2020, 'trademap.org', 840, 'Cobalt'),
(126, 70, 2020, 'trademap.org', 826, 'Cobalt'),
(127, 49, 2020, 'trademap.org', 710, 'Cobalt'),
(128, 24, 2020, 'trademap.org', 56, 'Cobalt'),
(130, 79091.5, 2020, 'https://trendeconomy.com/data/commodity_h2/283691', 152, 'Lithium'),
(131, 7560.18, 2020, 'https://trendeconomy.com/data/commodity_h2/283691', 156, 'Lithium'),
(132, 7009.78, 2020, 'https://trendeconomy.com/data/commodity_h2/283691', 32, 'Lithium'),
(133, 4585.49, 2020, 'https://trendeconomy.com/data/commodity_h2/283691', 86, 'Lithium'),
(134, 3657.64, 2020, 'https://trendeconomy.com/data/commodity_h2/283691', 276, 'Lithium'),
(135, 2856.45, 2020, 'https://trendeconomy.com/data/commodity_h2/283691', 408, 'Lithium'),
(136, 2445.05, 2020, 'https://trendeconomy.com/data/commodity_h2/283691', 840, 'Lithium'),
(137, 1670.92, 2020, 'https://trendeconomy.com/data/commodity_h2/283691', 250, 'Lithium'),
(138, 820.807, 2020, 'https://trendeconomy.com/data/commodity_h2/283691', 705, 'Lithium'),
(139, 553.753, 2020, 'https://trendeconomy.com/data/commodity_h2/283691', 826, 'Lithium'),
(141, 51878, 2020, 'trademap.org', 840, 'Corn'),
(142, 37045, 2020, 'trademap.org', 32, 'Corn'),
(143, 34431, 2020, 'trademap.org', 76, 'Corn'),
(144, 27945, 2020, 'trademap.org', 804, 'Corn'),
(145, 5712, 2020, 'trademap.org', 250, 'Corn'),
(146, 4547, 2020, 'trademap.org', 642, 'Corn'),
(147, 3487, 2020, 'trademap.org', 688, 'Corn'),
(148, 2593, 2020, 'trademap.org', 100, 'Corn'),
(149, 2289, 2020, 'trademap.org', 643, 'Corn'),
(150, 37267, 2020, 'Wheat_production_2020 (by. worldpopulationreview)', 643, 'Wheat'),
(151, 26237, 2020, 'Wheat_production_2020 (by. worldpopulationreview)', 840, 'Wheat'),
(152, 26110, 2020, 'Wheat_production_2020 (by. worldpopulationreview)', 124, 'Wheat'),
(153, 19792, 2020, 'Wheat_production_2020 (by. worldpopulationreview)', 250, 'Wheat'),
(154, 18059, 2020, 'Wheat_production_2020 (by. worldpopulationreview)', 804, 'Wheat'),
(155, 10483, 2020, 'Wheat_production_2020 (by. worldpopulationreview)', 36, 'Wheat'),
(156, 10642, 2020, 'Wheat_production_2020 (by. worldpopulationreview)', 32, 'Wheat'),
(157, 9292, 2020, 'Wheat_production_2020 (by. worldpopulationreview)', 276, 'Wheat'),
(158, 5198, 2020, 'Wheat_production_2020 (by. worldpopulationreview)', 398, 'Wheat'),
(159, 4689, 2020, 'Wheat_production_2020 (by. worldpopulationreview)', 616, 'Wheat'),
(160, 16942.7, 2021, 'trademap.org', 356, 'Rice'),
(161, 7831.95, 2021, 'trademap.org', 764, 'Rice'),
(162, 5925.59, 2021, 'trademap.org', 704, 'Rice'),
(163, 4461.29, 2021, 'trademap.org', 586, 'Rice'),
(164, 3989.05, 2021, 'trademap.org', 840, 'Rice'),
(165, 1946.16, 2021, 'trademap.org', 156, 'Rice'),
(166, 1641.56, 2021, 'trademap.org', 104, 'Rice'),
(167, 1518.54, 2021, 'trademap.org', 380, 'Rice'),
(168, 1069.17, 2021, 'trademap.org', 76, 'Rice'),
(169, 999.289, 2021, 'trademap.org', 116, 'Rice'),
(170, 1632.2, 2021, 'trademap.org', 124, 'Oats'),
(171, 443.532, 2021, 'trademap.org', 36, 'Oats'),
(172, 199.382, 2021, 'trademap.org', 752, 'Oats'),
(173, 226.859, 2021, 'trademap.org', 616, 'Oats'),
(174, 198.952, 2021, 'trademap.org', 643, 'Oats'),
(175, 81.648, 2021, 'trademap.org', 250, 'Oats'),
(176, 67.262, 2021, 'trademap.org', 440, 'Oats'),
(177, 88.922, 2021, 'trademap.org', 428, 'Oats'),
(178, 55.42, 2021, 'trademap.org', 203, 'Oats'),
(179, 52.023, 2021, 'trademap.org', 840, 'Oats'),
(180, 6010.69, 2021, 'trademap.org', 32, 'SoybeanOil'),
(181, 1650.91, 2021, 'trademap.org', 76, 'SoybeanOil'),
(182, 734.456, 2021, 'trademap.org', 840, 'SoybeanOil'),
(183, 581.051, 2021, 'trademap.org', 528, 'SoybeanOil'),
(184, 561.841, 2021, 'trademap.org', 600, 'SoybeanOil'),
(185, 486.869, 2021, 'trademap.org', 724, 'SoybeanOil'),
(186, 332.621, 2021, 'trademap.org', 524, 'SoybeanOil'),
(187, 507.947, 2021, 'trademap.org', 68, 'SoybeanOil'),
(188, 464.845, 2021, 'trademap.org', 643, 'SoybeanOil'),
(189, 279.019, 2021, 'trademap.org', 792, 'SoybeanOil'),
(190, 86109.8, 2021, 'trademap.org', 76, 'Soybeans'),
(191, 53050.5, 2021, 'trademap.org', 840, 'Soybeans'),
(192, 6329.54, 2021, 'trademap.org', 600, 'Soybeans'),
(193, 5159.66, 2021, 'trademap.org', 32, 'Soybeans'),
(194, 4571.57, 2021, 'trademap.org', 124, 'Soybeans'),
(195, 1144.7, 2021, 'trademap.org', 804, 'Soybeans'),
(196, 989.96, 2021, 'trademap.org', 528, 'Soybeans'),
(197, 982.216, 2021, 'trademap.org', 643, 'Soybeans'),
(198, 185.914, 2021, 'trademap.org', 191, 'Soybeans'),
(199, 165.138, 2021, 'trademap.org', 56, 'Soybeans'),
(200, 2150740, 2020, 'USDA-Agricultural-Projections-to-2031', 276, 'Milk'),
(201, 938732, 2020, 'USDA-Agricultural-Projections-to-2031', 203, 'Milk'),
(202, 929510, 2020, 'USDA-Agricultural-Projections-to-2031', 250, 'Milk'),
(203, 859403, 2020, 'USDA-Agricultural-Projections-to-2031', 56, 'Milk'),
(204, 838383, 2020, 'USDA-Agricultural-Projections-to-2031', 616, 'Milk'),
(205, 792193, 2020, 'USDA-Agricultural-Projections-to-2031', 826, 'Milk'),
(206, 643262, 2020, 'USDA-Agricultural-Projections-to-2031', 40, 'Milk'),
(207, 591502, 2020, 'USDA-Agricultural-Projections-to-2031', 528, 'Milk'),
(208, 409208, 2020, 'USDA-Agricultural-Projections-to-2031', 554, 'Milk'),
(209, 269124, 2020, 'USDA-Agricultural-Projections-to-2031', 208, 'Milk'),
(210, 27254.9, 2021, 'trademap.org', 76, 'Sugar'),
(211, 9138, 2021, 'trademap.org', 356, 'Sugar'),
(212, 3557.43, 2021, 'trademap.org', 764, 'Sugar'),
(213, 1654.92, 2021, 'trademap.org', 276, 'Sugar'),
(214, 1662.7, 2021, 'trademap.org', 250, 'Sugar'),
(215, 1317.35, 2021, 'trademap.org', 320, 'Sugar'),
(216, 604.788, 2021, 'trademap.org', 748, 'Sugar'),
(217, 676.215, 2021, 'trademap.org', 784, 'Sugar'),
(218, 575.933, 2021, 'trademap.org', 56, 'Sugar'),
(219, 672.198, 2021, 'trademap.org', 616, 'Sugar'),
(220, 2288.34, 2020, 'trademap.org', 76, 'Coffee'),
(221, 1251.49, 2020, 'trademap.org', 704, 'Coffee'),
(222, 700.643, 2020, 'trademap.org', 170, 'Coffee'),
(223, 598.562, 2020, 'trademap.org', 276, 'Coffee'),
(224, 389.586, 2020, 'trademap.org', 340, 'Coffee'),
(225, 382.928, 2020, 'trademap.org', 360, 'Coffee'),
(226, 304.209, 2020, 'trademap.org', 231, 'Coffee'),
(227, 299.262, 2020, 'trademap.org', 800, 'Coffee'),
(228, 298.127, 2020, 'trademap.org', 56, 'Coffee'),
(229, 286.953, 2020, 'trademap.org', 380, 'Coffee');

-- --------------------------------------------------------

--
-- 테이블 구조 `import`
--

CREATE TABLE `import` (
  `id` int UNSIGNED NOT NULL COMMENT 'key',
  `value` float NOT NULL,
  `date` year NOT NULL,
  `source` varchar(100) NOT NULL,
  `world_id` int NOT NULL,
  `commodity` varchar(10) NOT NULL COMMENT '원자재명'
) ENGINE=InnoDB DEFAULT CHARSET=utf8mb3 COMMENT='수입에 대한 정보를 담은 표이다';

--
-- 테이블의 덤프 데이터 `import`
--

INSERT INTO `import` (`id`, `value`, `date`, `source`, `world_id`, `commodity`) VALUES
(1, 505, 2019, 'bp-stats-review-2021-all-data', 156, 'CrudeOil'),
(6, 227, 2019, 'bp-stats-review-2021-all-data', 356, 'CrudeOil'),
(7, 202, 2019, 'bp-stats-review-2021-all-data', 840, 'CrudeOil'),
(8, 149, 2019, 'bp-stats-review-2021-all-data', 392, 'CrudeOil'),
(9, 145, 2019, 'bp-stats-review-2021-all-data', 410, 'CrudeOil'),
(10, 86, 2019, 'bp-stats-review-2021-all-data', 276, 'CrudeOil'),
(11, 66, 2019, 'bp-stats-review-2021-all-data', 724, 'CrudeOil'),
(12, 65, 2019, 'bp-stats-review-2021-all-data', 380, 'CrudeOil'),
(13, 62, 2019, 'bp-stats-review-2021-all-data', 528, 'CrudeOil'),
(14, 53, 2019, 'bp-stats-review-2021-all-data', 702, 'CrudeOil'),
(15, 102, 2020, 'bp-stats-review-2021-all-data', 392, 'NaturalGas'),
(16, 94, 2020, 'bp-stats-review-2021-all-data', 156, 'NaturalGas'),
(17, 55.3, 2020, 'bp-stats-review-2021-all-data', 410, 'NaturalGas'),
(18, 35.8, 2020, 'bp-stats-review-2021-all-data', 356, 'NaturalGas'),
(19, 24.7, 2020, 'bp-stats-review-2021-all-data', 158, 'NaturalGas'),
(20, 20.9, 2020, 'bp-stats-review-2021-all-data', 724, 'NaturalGas'),
(21, 19.6, 2020, 'bp-stats-review-2021-all-data', 250, 'NaturalGas'),
(22, 18.6, 2020, 'bp-stats-review-2021-all-data', 826, 'NaturalGas'),
(23, 14.8, 2020, 'bp-stats-review-2021-all-data', 792, 'NaturalGas'),
(24, 12.1, 2020, 'bp-stats-review-2021-all-data', 380, 'NaturalGas'),
(30, 246, 2021, 'trademap.org', 356, 'Coal'),
(31, 204, 2021, 'trademap.org', 392, 'Coal'),
(32, 206, 2021, 'trademap.org', 156, 'Coal'),
(33, 140, 2021, 'trademap.org', 408, 'Coal'),
(34, 76, 2021, 'trademap.org', 158, 'Coal'),
(35, 43, 2021, 'trademap.org', 276, 'Coal'),
(36, 40, 2021, 'trademap.org', 792, 'Coal'),
(37, 39, 2021, 'trademap.org', 458, 'Coal'),
(38, 39, 2021, 'trademap.org', 704, 'Coal'),
(39, 34, 2021, 'trademap.org', 608, 'Coal'),
(40, 11189, 2020, 'trademap.org', 840, 'Aluminium'),
(41, 8274, 2020, 'trademap.org', 276, 'Aluminium'),
(42, 4778, 2020, 'trademap.org', 156, 'Aluminium'),
(43, 3845, 2020, 'trademap.org', 392, 'Aluminium'),
(44, 3465, 2020, 'trademap.org', 250, 'Aluminium'),
(45, 3440, 2020, 'trademap.org', 484, 'Aluminium'),
(46, 3378, 2020, 'trademap.org', 408, 'Aluminium'),
(47, 3130, 2020, 'trademap.org', 380, 'Aluminium'),
(48, 2942, 2020, 'trademap.org', 528, 'Aluminium'),
(49, 2831, 2020, 'trademap.org', 458, 'Aluminium'),
(50, 7863.41, 2020, 'trademap.org', 156, 'Copper'),
(51, 1580.2, 2020, 'trademap.org', 276, 'Copper'),
(52, 1467.5, 2020, 'trademap.org', 840, 'Copper'),
(53, 1002.71, 2020, 'trademap.org', 380, 'Copper'),
(54, 820.468, 2020, 'trademap.org', 408, 'Copper'),
(55, 791.965, 2020, 'trademap.org', 250, 'Copper'),
(56, 687.847, 2020, 'trademap.org', 356, 'Copper'),
(57, 664.155, 2020, 'trademap.org', 56, 'Copper'),
(58, 628.733, 2020, 'trademap.org', 764, 'Copper'),
(59, 521.647, 2020, 'trademap.org', 250, 'Copper'),
(60, 965.783, 2020, 'trademap.org', 840, 'Zinc'),
(61, 879.003, 2020, 'trademap.org', 156, 'Zinc'),
(62, 538.352, 2020, 'trademap.org', 276, 'Zinc'),
(63, 367.83, 2020, 'trademap.org', 56, 'Zinc'),
(64, 366.105, 2020, 'trademap.org', 528, 'Zinc'),
(65, 296.56, 2020, 'trademap.org', 792, 'Zinc'),
(66, 277.139, 2020, 'trademap.org', 380, 'Zinc'),
(67, 264.368, 2020, 'trademap.org', 250, 'Zinc'),
(68, 249.964, 2020, 'trademap.org', 158, 'Zinc'),
(69, 216.38, 2020, 'trademap.org', 704, 'Zinc'),
(70, 41631.6, 2021, 'trademap.org', 156, 'Nickel'),
(71, 3181.53, 2021, 'trademap.org', 408, 'Nickel'),
(72, 3091.95, 2021, 'trademap.org', 392, 'Nickel'),
(73, 1209.47, 2021, 'trademap.org', 804, 'Nickel'),
(74, 272.491, 2021, 'trademap.org', 196, 'Nickel'),
(75, 26.309, 2021, 'trademap.org', 826, 'Nickel'),
(76, 74.227, 2021, 'trademap.org', 214, 'Nickel'),
(80, 426.177, 2020, 'trademap.org', 840, 'Lead'),
(81, 339.977, 2020, 'trademap.org', 356, 'Lead'),
(82, 263.864, 2020, 'trademap.org', 704, 'Lead'),
(83, 215.821, 2020, 'trademap.org', 276, 'Lead'),
(84, 211.913, 2020, 'trademap.org', 826, 'Lead'),
(85, 162.178, 2020, 'trademap.org', 408, 'Lead'),
(86, 158.643, 2020, 'trademap.org', 203, 'Lead'),
(87, 143.423, 2020, 'trademap.org', 792, 'Lead'),
(88, 139.46, 2020, 'trademap.org', 724, 'Lead'),
(89, 107.348, 2020, 'trademap.org', 380, 'Lead'),
(90, 36912.2, 2020, 'trademap.org', 840, 'Tin'),
(91, 23971.2, 2020, 'trademap.org', 156, 'Tin'),
(92, 20731.8, 2020, 'trademap.org', 392, 'Tin'),
(93, 18193.1, 2020, 'trademap.org', 276, 'Tin'),
(94, 15676.8, 2020, 'trademap.org', 408, 'Tin'),
(95, 11866.5, 2020, 'trademap.org', 702, 'Tin'),
(96, 11714.2, 2020, 'trademap.org', 158, 'Tin'),
(97, 10705.8, 2020, 'trademap.org', 356, 'Tin'),
(98, 7843.62, 2020, 'trademap.org', 528, 'Tin'),
(99, 7224.58, 2020, 'trademap.org', 724, 'Tin'),
(100, 1074, 2020, 'trademap.org', 156, 'IronOre'),
(101, 86, 2020, 'trademap.org', 392, 'IronOre'),
(102, 62, 2020, 'trademap.org', 408, 'IronOre'),
(103, 33, 2020, 'trademap.org', 276, 'IronOre'),
(104, 20, 2020, 'trademap.org', 158, 'IronOre'),
(105, 14, 2020, 'trademap.org', 704, 'IronOre'),
(106, 11, 2020, 'trademap.org', 250, 'IronOre'),
(107, 10, 2020, 'trademap.org', 458, 'IronOre'),
(108, 9, 2020, 'trademap.org', 792, 'IronOre'),
(109, 8, 2020, 'trademap.org', 512, 'IronOre'),
(110, 2208, 2021, 'trademap.org', 756, 'Gold'),
(111, 1068, 2021, 'trademap.org', 56, 'Gold'),
(112, 927, 2021, 'trademap.org', 826, 'Gold'),
(113, 759, 2021, 'trademap.org', 156, 'Gold'),
(114, 523, 2021, 'trademap.org', 344, 'Gold'),
(115, 257, 2021, 'trademap.org', 702, 'Gold'),
(116, 250, 2021, 'trademap.org', 840, 'Gold'),
(117, 190, 2021, 'trademap.org', 276, 'Gold'),
(118, 262, 2021, 'trademap.org', 784, 'Gold'),
(119, 151, 2021, 'trademap.org', 764, 'Gold'),
(120, 8216, 2021, 'trademap.org', 840, 'Silver'),
(121, 7669, 2021, 'trademap.org', 826, 'Silver'),
(122, 4953, 2021, 'trademap.org', 124, 'Silver'),
(123, 3916, 2021, 'trademap.org', 344, 'Silver'),
(124, 2846, 2021, 'trademap.org', 356, 'Silver'),
(125, 2722, 2021, 'trademap.org', 392, 'Silver'),
(126, 3678, 2021, 'trademap.org', 156, 'Silver'),
(127, 1409, 2021, 'trademap.org', 756, 'Silver'),
(128, 1821, 2021, 'trademap.org', 276, 'Silver'),
(129, 1541, 2021, 'trademap.org', 158, 'Silver'),
(130, 52939, 2020, 'trademap.org', 156, 'Cobalt'),
(131, 7157, 2020, 'trademap.org', 504, 'Cobalt'),
(132, 421, 2020, 'trademap.org', 344, 'Cobalt'),
(133, 229, 2020, 'trademap.org', 246, 'Cobalt'),
(134, 102, 2020, 'trademap.org', 158, 'Cobalt'),
(135, 99, 2020, 'trademap.org', 56, 'Cobalt'),
(136, 45, 2020, 'trademap.org', 710, 'Cobalt'),
(137, 19, 2020, 'trademap.org', 566, 'Cobalt'),
(140, 39188.4, 2020, 'https://trendeconomy.com/data/commodity_h2/283691', 408, 'Lithium'),
(141, 32619, 2020, 'https://trendeconomy.com/data/commodity_h2/283691', 156, 'Lithium'),
(142, 23969.7, 2020, 'https://trendeconomy.com/data/commodity_h2/283691', 392, 'Lithium'),
(143, 9606.82, 2020, 'https://trendeconomy.com/data/commodity_h2/283691', 840, 'Lithium'),
(144, 7122.12, 2020, 'https://trendeconomy.com/data/commodity_h2/283691', 56, 'Lithium'),
(145, 5671.8, 2020, 'https://trendeconomy.com/data/commodity_h2/283691', 643, 'Lithium'),
(146, 4998.92, 2020, 'https://trendeconomy.com/data/commodity_h2/283691', 528, 'Lithium'),
(147, 2291.34, 2020, 'https://trendeconomy.com/data/commodity_h2/283691', 276, 'Lithium'),
(148, 1377.52, 2020, 'https://trendeconomy.com/data/commodity_h2/283691', 250, 'Lithium'),
(149, 1035.88, 2020, 'https://trendeconomy.com/data/commodity_h2/283691', 826, 'Lithium'),
(150, 15770, 2020, 'trademap.org', 292, 'Corn'),
(151, 12144, 2020, 'trademap.org', 704, 'Corn'),
(152, 11663, 2020, 'trademap.org', 408, 'Corn'),
(153, 11294, 2020, 'trademap.org', 156, 'Corn'),
(154, 9881, 2020, 'trademap.org', 364, 'Corn'),
(155, 8507, 2020, 'trademap.org', 818, 'Corn'),
(156, 6162, 2020, 'trademap.org', 170, 'Corn'),
(157, 5994, 2020, 'trademap.org', 380, 'Corn'),
(158, 5936, 2020, 'trademap.org', 528, 'Corn'),
(159, 5008, 2020, 'trademap.org', 12, 'Corn'),
(160, 9579, 2020, 'Wheat_production_2020 (by. worldpopulationreview)', 818, 'Wheat'),
(161, 10299, 2020, 'Wheat_production_2020 (by. worldpopulationreview)', 360, 'Wheat'),
(162, 9659, 2020, 'Wheat_production_2020 (by. worldpopulationreview)', 792, 'Wheat'),
(163, 8151, 2020, 'Wheat_production_2020 (by. worldpopulationreview)', 156, 'Wheat'),
(164, 7056, 2020, 'Wheat_production_2020 (by. worldpopulationreview)', 12, 'Wheat'),
(165, 6138, 2020, 'Wheat_production_2020 (by. worldpopulationreview)', 608, 'Wheat'),
(166, 5373, 2020, 'Wheat_production_2020 (by. worldpopulationreview)', 392, 'Wheat'),
(167, 5521, 2020, 'Wheat_production_2020 (by. worldpopulationreview)', 504, 'Wheat'),
(168, 6159, 2020, 'Wheat_production_2020 (by. worldpopulationreview)', 76, 'Wheat'),
(169, 5968, 2020, 'Wheat_production_2020 (by. worldpopulationreview)', 50, 'Wheat'),
(170, 3098, 2021, 'trademap.org', 156, 'Rice'),
(171, 2981.39, 2021, 'trademap.org', 682, 'Rice'),
(172, 2725.37, 2021, 'trademap.org', 840, 'Rice'),
(173, 1978.98, 2021, 'trademap.org', 364, 'Rice'),
(174, 1830.17, 2021, 'trademap.org', 608, 'Rice'),
(175, 1470.91, 2021, 'trademap.org', 368, 'Rice'),
(176, 1325.93, 2021, 'trademap.org', 826, 'Rice'),
(177, 1251.63, 2021, 'trademap.org', 458, 'Rice'),
(178, 1251.26, 2021, 'trademap.org', 250, 'Rice'),
(179, 1198.67, 2021, 'trademap.org', 784, 'Rice'),
(180, 1434.49, 2021, 'trademap.org', 840, 'Oats'),
(181, 581.107, 2021, 'trademap.org', 2276, 'Oats'),
(182, 294.543, 2021, 'trademap.org', 156, 'Oats'),
(183, 288.509, 2021, 'trademap.org', 528, 'Oats'),
(184, 202.131, 2021, 'trademap.org', 56, 'Oats'),
(185, 141.245, 2021, 'trademap.org', 724, 'Oats'),
(186, 88.19, 2021, 'trademap.org', 152, 'Oats'),
(187, 47.632, 2021, 'trademap.org', 392, 'Oats'),
(188, 45.415, 2021, 'trademap.org', 356, 'Oats'),
(189, 49.243, 2021, 'trademap.org', 756, 'Oats'),
(190, 3522.86, 2021, 'trademap.org', 356, 'SoybeanOil'),
(191, 1118.93, 2021, 'trademap.org', 156, 'SoybeanOil'),
(192, 784.323, 2021, 'trademap.org', 50, 'SoybeanOil'),
(193, 667.431, 2021, 'trademap.org', 12, 'SoybeanOil'),
(194, 591.286, 2021, 'trademap.org', 604, 'SoybeanOil'),
(195, 506.142, 2021, 'trademap.org', 504, 'SoybeanOil'),
(196, 576.743, 2021, 'trademap.org', 364, 'SoybeanOil'),
(197, 452.221, 2021, 'trademap.org', 408, 'SoybeanOil'),
(198, 302.474, 2021, 'trademap.org', 170, 'SoybeanOil'),
(199, 226.93, 2021, 'trademap.org', 616, 'SoybeanOil'),
(200, 87669.6, 2021, 'trademap.org', 156, 'Soybeans'),
(201, 4866.02, 2021, 'trademap.org', 32, 'Soybeans'),
(202, 3996.77, 2021, 'trademap.org', 764, 'Soybeans'),
(203, 4161.88, 2021, 'trademap.org', 528, 'Soybeans'),
(204, 3271.21, 2021, 'trademap.org', 392, 'Soybeans'),
(205, 3671.62, 2021, 'trademap.org', 724, 'Soybeans'),
(206, 3585.63, 2021, 'trademap.org', 276, 'Soybeans'),
(207, 2585.36, 2021, 'trademap.org', 158, 'Soybeans'),
(208, 2489.69, 2021, 'trademap.org', 360, 'Soybeans'),
(209, 2493.11, 2021, 'trademap.org', 792, 'Soybeans'),
(210, 2765810, 2021, 'USDA-Agricultural-Projections-to-2031', 276, 'Milk'),
(211, 1039790, 2021, 'USDA-Agricultural-Projections-to-2031', 156, 'Milk'),
(212, 929043, 2021, 'USDA-Agricultural-Projections-to-2031', 56, 'Milk'),
(213, 818976, 2021, 'USDA-Agricultural-Projections-to-2031', 528, 'Milk'),
(214, 653288, 2021, 'USDA-Agricultural-Projections-to-2031', 372, 'Milk'),
(215, 522697, 2021, 'USDA-Agricultural-Projections-to-2031', 440, 'Milk'),
(216, 283019, 2021, 'USDA-Agricultural-Projections-to-2031', 250, 'Milk'),
(217, 264003, 2021, 'USDA-Agricultural-Projections-to-2031', 643, 'Milk'),
(218, 200034, 2021, 'USDA-Agricultural-Projections-to-2031', 191, 'Milk'),
(220, 5455.14, 2021, 'trademap.org', 360, 'Sugar'),
(221, 5270.06, 2021, 'trademap.org', 156, 'Sugar'),
(222, 2822.28, 2021, 'trademap.org', 840, 'Sugar'),
(223, 2117.82, 2021, 'trademap.org', 458, 'Sugar'),
(224, 2494.09, 2021, 'trademap.org', 50, 'Sugar'),
(225, 1956.32, 2021, 'trademap.org', 408, 'Sugar'),
(226, 1603.06, 2021, 'trademap.org', 380, 'Sugar'),
(227, 2362.14, 2021, 'trademap.org', 12, 'Sugar'),
(228, 1535.17, 2021, 'trademap.org', 784, 'Sugar'),
(229, 1493.08, 2021, 'trademap.org', 504, 'Sugar'),
(230, 1580.33, 2021, 'trademap.org', 840, 'Coffee'),
(231, 1211.81, 2021, 'trademap.org', 276, 'Coffee'),
(232, 413.192, 2021, 'trademap.org', 250, 'Coffee'),
(233, 641.804, 2021, 'trademap.org', 380, 'Coffee'),
(234, 379.739, 2021, 'trademap.org', 56, 'Coffee'),
(235, 276.428, 2021, 'trademap.org', 124, 'Coffee'),
(236, 268.593, 2021, 'trademap.org', 528, 'Coffee'),
(237, 409.767, 2021, 'trademap.org', 392, 'Coffee'),
(238, 340.203, 2021, 'trademap.org', 724, 'Coffee'),
(239, 278.357, 2021, 'trademap.org', 756, 'Coffee');

-- --------------------------------------------------------

--
-- 테이블 구조 `product`
--

CREATE TABLE `product` (
  `id` int NOT NULL,
  `value` float NOT NULL,
  `date` year NOT NULL,
  `source` varchar(100) CHARACTER SET utf8mb3 COLLATE utf8_general_ci NOT NULL,
  `world_id` int NOT NULL,
  `commodity` varchar(20) CHARACTER SET utf8mb3 COLLATE utf8_general_ci NOT NULL
) ENGINE=InnoDB DEFAULT CHARSET=utf8mb4 COLLATE=utf8mb4_unicode_ci;

--
-- 테이블의 덤프 데이터 `product`
--

INSERT INTO `product` (`id`, `value`, `date`, `source`, `world_id`, `commodity`) VALUES
(1, 712.7, 2020, 'bp-stats-review-2021-all-data', 840, 'CrudeOil'),
(2, 524.4, 2020, 'bp-stats-review-2022-all-data', 643, 'CrudeOil'),
(3, 519.6, 2020, 'bp-stats-review-2023-all-data', 682, 'CrudeOil'),
(4, 252.2, 2020, 'bp-stats-review-2024-all-data', 124, 'CrudeOil'),
(5, 202, 2020, 'bp-stats-review-2025-all-data', 368, 'CrudeOil'),
(6, 194.8, 2020, 'bp-stats-review-2026-all-data', 156, 'CrudeOil'),
(7, 165.6, 2020, 'bp-stats-review-2027-all-data', 7844, 'CrudeOil'),
(8, 159.2, 2020, 'bp-stats-review-2028-all-data', 76, 'CrudeOil'),
(9, 142.7, 2020, 'bp-stats-review-2029-all-data', 364, 'CrudeOil'),
(10, 130.1, 2020, 'bp-stats-review-2030-all-data', 414, 'CrudeOil'),
(11, 914.6, 2020, ' bp-stats-review-2021-all-data', 840, 'NaturalGas'),
(12, 638.5, 2020, ' bp-stats-review-2021-all-data', 643, 'NaturalGas'),
(13, 250.8, 2020, ' bp-stats-review-2021-all-data', 364, 'NaturalGas'),
(14, 194, 2020, ' bp-stats-review-2021-all-data', 156, 'NaturalGas'),
(15, 171.3, 2020, ' bp-stats-review-2021-all-data', 634, 'NaturalGas'),
(16, 165.2, 2020, ' bp-stats-review-2021-all-data', 124, 'NaturalGas'),
(17, 142.5, 2020, ' bp-stats-review-2021-all-data', 36, 'NaturalGas'),
(18, 112.1, 2020, ' bp-stats-review-2021-all-data', 682, 'NaturalGas'),
(19, 111.5, 2020, ' bp-stats-review-2021-all-data', 578, 'NaturalGas'),
(20, 81.5, 2020, ' bp-stats-review-2021-all-data', 12, 'NaturalGas'),
(21, 19337, 2020, 'Full report-Statistical Review of World Energy 2021, pp 46-51', 156, 'Coal'),
(22, 3317, 2020, 'Full report-Statistical Review of World Energy 2021, pp 46-51', 360, 'Coal'),
(23, 3030, 2020, 'Full report-Statistical Review of World Energy 2021, pp 46-51', 356, 'Coal'),
(24, 2968, 2020, 'Full report-Statistical Review of World Energy 2021, pp 46-51', 36, 'Coal'),
(25, 2559, 2020, 'Full report-Statistical Review of World Energy 2021, pp 46-51', 840, 'Coal'),
(26, 2000, 2020, 'Full report-Statistical Review of World Energy 2021, pp 46-51', 643, 'Coal'),
(27, 1426, 2020, 'Full report-Statistical Review of World Energy 2021, pp 46-51', 710, 'Coal'),
(28, 487, 2020, 'Full report-Statistical Review of World Energy 2021, pp 46-51', 398, 'Coal'),
(29, 401, 2020, 'Full report-Statistical Review of World Energy 2021, pp 46-51', 616, 'Coal'),
(31, 39000, 2021, 'Mineral Commodity Summaries 2022 pp.23', 156, 'Aluminium'),
(32, 9400, 2021, 'Mineral Commodity Summaries 2022 pp.23', 356, 'Aluminium'),
(33, 3900, 2021, 'Mineral Commodity Summaries 2022 pp.23', 643, 'Aluminium'),
(34, 3700, 2021, 'Mineral Commodity Summaries 2022 pp.23', 124, 'Aluminium'),
(35, 3100, 2021, 'Mineral Commodity Summaries 2022 pp.23', 784, 'Aluminium'),
(36, 2600, 2021, 'Mineral Commodity Summaries 2022 pp.23', 36, 'Aluminium'),
(37, 1600, 2021, 'Mineral Commodity Summaries 2022 pp.23', 48, 'Aluminium'),
(38, 1500, 2021, 'Mineral Commodity Summaries 2022 pp.23', 578, 'Aluminium'),
(39, 1400, 2021, 'Mineral Commodity Summaries 2022 pp.23', 840, 'Aluminium'),
(41, 5600, 2021, 'Mineral Commodity Summaries 2022 pp.55', 152, 'Copper'),
(42, 2200, 2021, 'Mineral Commodity Summaries 2022 pp.55', 604, 'Copper'),
(43, 1800, 2021, 'Mineral Commodity Summaries 2022 pp.55', 156, 'Copper'),
(44, 1800, 2021, 'Mineral Commodity Summaries 2022 pp.55', 178, 'Copper'),
(45, 1200, 2021, 'Mineral Commodity Summaries 2022 pp.55', 840, 'Copper'),
(46, 900, 2021, 'Mineral Commodity Summaries 2022 pp.55', 36, 'Copper'),
(47, 830, 2021, 'Mineral Commodity Summaries 2022 pp.55', 894, 'Copper'),
(48, 820, 2021, 'Mineral Commodity Summaries 2022 pp.55', 643, 'Copper'),
(49, 810, 2021, 'Mineral Commodity Summaries 2022 pp.55', 360, 'Copper'),
(50, 720, 2021, 'Mineral Commodity Summaries 2022 pp.55', 484, 'Copper'),
(51, 4200, 2021, 'Mineral Commodity Summaries 2021 & 2022 pp.193', 156, 'Zinc'),
(52, 1600, 2021, 'Mineral Commodity Summaries 2021 & 2022 pp.193', 604, 'Zinc'),
(53, 1300, 2021, 'Mineral Commodity Summaries 2021 & 2022 pp.193', 36, 'Zinc'),
(54, 810, 2021, 'Mineral Commodity Summaries 2021 & 2022 pp.193', 356, 'Zinc'),
(55, 740, 2021, 'Mineral Commodity Summaries 2021 & 2022 pp.193', 840, 'Zinc'),
(56, 720, 2021, 'Mineral Commodity Summaries 2021 & 2022 pp.193', 484, 'Zinc'),
(57, 490, 2021, 'Mineral Commodity Summaries 2021 & 2022 pp.193', 68, 'Zinc'),
(58, 280, 2021, 'Mineral Commodity Summaries 2021 & 2022 pp.193', 643, 'Zinc'),
(59, 260, 2021, 'Mineral Commodity Summaries 2021 & 2022 pp.193', 124, 'Zinc'),
(60, 230, 2021, 'Mineral Commodity Summaries 2021 & 2022 pp.193', 752, 'Zinc'),
(61, 1000000, 2021, 'Mineral Commodity Summaries 2021 & 2022 pp.115', 360, 'Nickel'),
(62, 410000, 2021, 'Mineral Commodity Summaries 2021 & 2022 pp.115', 608, 'Nickel'),
(63, 370000, 2021, 'Mineral Commodity Summaries 2021 & 2022 pp.115', 643, 'Nickel'),
(64, 250000, 2021, 'Mineral Commodity Summaries 2021 & 2022 pp.115', 540, 'Nickel'),
(65, 160000, 2021, 'Mineral Commodity Summaries 2021 & 2022 pp.115', 36, 'Nickel'),
(66, 130000, 2021, 'Mineral Commodity Summaries 2021 & 2022 pp.115', 124, 'Nickel'),
(67, 120000, 2021, 'Mineral Commodity Summaries 2021 & 2022 pp.115', 156, 'Nickel'),
(68, 100000, 2021, 'Mineral Commodity Summaries 2021 & 2022 pp.115', 76, 'Nickel'),
(69, 18000, 2021, 'Mineral Commodity Summaries 2021 & 2022 pp.115', 840, 'Nickel'),
(71, 2000, 2021, 'Mineral Commodity Summaries 2021 & 2022 pp.96', 156, 'Lead'),
(72, 500, 2021, 'Mineral Commodity Summaries 2021 & 2022 pp.96', 36, 'Lead'),
(73, 300, 2021, 'Mineral Commodity Summaries 2021 & 2022 pp.96', 840, 'Lead'),
(74, 280, 2021, 'Mineral Commodity Summaries 2021 & 2022 pp.96', 604, 'Lead'),
(75, 270, 2021, 'Mineral Commodity Summaries 2021 & 2022 pp.96', 484, 'Lead'),
(76, 210, 2021, 'Mineral Commodity Summaries 2021 & 2022 pp.96', 643, 'Lead'),
(77, 210, 2021, 'Mineral Commodity Summaries 2021 & 2022 pp.96', 356, 'Lead'),
(78, 90, 2021, 'Mineral Commodity Summaries 2021 & 2022 pp.96', 68, 'Lead'),
(79, 70, 2021, 'Mineral Commodity Summaries 2021 & 2022 pp.96', 752, 'Lead'),
(80, 60, 2021, 'Mineral Commodity Summaries 2021 & 2022 pp.96', 792, 'Lead'),
(81, 91000, 2021, 'Mineral Commodity Summaries 2021 & 2022 pp. 175', 156, 'Tin'),
(82, 71000, 2021, 'Mineral Commodity Summaries 2021 & 2022 pp. 175', 360, 'Tin'),
(83, 30000, 2021, 'Mineral Commodity Summaries 2021 & 2022 pp. 175', 604, 'Tin'),
(84, 28000, 2021, 'Mineral Commodity Summaries 2021 & 2022 pp. 175', 104, 'Tin'),
(85, 22000, 2021, 'Mineral Commodity Summaries 2021 & 2022 pp. 175', 76, 'Tin'),
(86, 18000, 2021, 'Mineral Commodity Summaries 2021 & 2022 pp. 175', 68, 'Tin'),
(87, 16000, 2021, 'Mineral Commodity Summaries 2021 & 2022 pp. 175', 178, 'Tin'),
(88, 8300, 2021, 'Mineral Commodity Summaries 2021 & 2022 pp. 175', 36, 'Tin'),
(89, 6100, 2021, 'Mineral Commodity Summaries 2021 & 2022 pp. 175', 704, 'Tin'),
(90, 3500, 2021, 'Mineral Commodity Summaries 2021 & 2022 pp. 175', 643, 'Tin'),
(91, 900, 2021, 'Mineral Commodity Summaries 2021 & 2022 pp. 85', 36, 'IronOre'),
(92, 380, 2021, 'Mineral Commodity Summaries 2021 & 2022 pp. 85', 76, 'IronOre'),
(93, 360, 2021, 'Mineral Commodity Summaries 2021 & 2022 pp. 85', 156, 'IronOre'),
(94, 240, 2021, 'Mineral Commodity Summaries 2021 & 2022 pp. 85', 356, 'IronOre'),
(95, 100, 2021, 'Mineral Commodity Summaries 2021 & 2022 pp. 85', 643, 'IronOre'),
(96, 81, 2021, 'Mineral Commodity Summaries 2021 & 2022 pp. 85', 804, 'IronOre'),
(97, 68, 2021, 'Mineral Commodity Summaries 2021 & 2022 pp. 85', 124, 'IronOre'),
(98, 64, 2021, 'Mineral Commodity Summaries 2021 & 2022 pp. 85', 398, 'IronOre'),
(99, 50, 2021, 'Mineral Commodity Summaries 2021 & 2022 pp. 85', 364, 'IronOre'),
(100, 46, 2021, 'Mineral Commodity Summaries 2021 & 2022 pp. 85', 840, 'IronOre'),
(101, 340, 2021, 'Mineral Commodity Summaries 2021 & 2022 pp. 73', 156, 'Gold'),
(102, 330, 2021, 'Mineral Commodity Summaries 2021 & 2022 pp. 73', 36, 'Gold'),
(103, 300, 2021, 'Mineral Commodity Summaries 2021 & 2022 pp. 73', 643, 'Gold'),
(104, 180, 2021, 'Mineral Commodity Summaries 2021 & 2022 pp. 73', 840, 'Gold'),
(105, 170, 2021, 'Mineral Commodity Summaries 2021 & 2022 pp. 73', 124, 'Gold'),
(106, 130, 2021, 'Mineral Commodity Summaries 2021 & 2022 pp. 73', 288, 'Gold'),
(107, 100, 2021, 'Mineral Commodity Summaries 2021 & 2022 pp. 73', 484, 'Gold'),
(108, 100, 2021, 'Mineral Commodity Summaries 2021 & 2022 pp. 73', 710, 'Gold'),
(109, 100, 2021, 'Mineral Commodity Summaries 2021 & 2022 pp. 73', 860, 'Gold'),
(110, 90, 2021, 'Mineral Commodity Summaries 2021 & 2022 pp. 73', 604, 'Gold'),
(111, 5600, 2021, 'Mineral Commodity Summaries 2021 & 2022 pp. 153', 484, 'Silver'),
(112, 3400, 2021, 'Mineral Commodity Summaries 2021 & 2022 pp. 153', 156, 'Silver'),
(113, 3000, 2021, 'Mineral Commodity Summaries 2021 & 2022 pp. 153', 604, 'Silver'),
(114, 1600, 2021, 'Mineral Commodity Summaries 2021 & 2022 pp. 153', 152, 'Silver'),
(115, 1300, 2021, 'Mineral Commodity Summaries 2021 & 2022 pp. 153', 36, 'Silver'),
(116, 1300, 2021, 'Mineral Commodity Summaries 2021 & 2022 pp. 153', 616, 'Silver'),
(117, 1300, 2021, 'Mineral Commodity Summaries 2021 & 2022 pp. 153', 643, 'Silver'),
(118, 1000, 2021, 'Mineral Commodity Summaries 2021 & 2022 pp. 153', 840, 'Silver'),
(119, 1000, 2021, 'Mineral Commodity Summaries 2021 & 2022 pp. 153', 68, 'Silver'),
(120, 800, 2021, 'Mineral Commodity Summaries 2021 & 2022 pp. 153', 32, 'Silver'),
(121, 120000, 2021, 'Mineral Commodity Summaries 2021 & 2022 pp. 53', 178, 'Cobalt'),
(122, 7600, 2021, 'Mineral Commodity Summaries 2021 & 2022 pp. 53', 643, 'Cobalt'),
(123, 5600, 2021, 'Mineral Commodity Summaries 2021 & 2022 pp. 53', 36, 'Cobalt'),
(124, 4500, 2021, 'Mineral Commodity Summaries 2021 & 2022 pp. 53', 608, 'Cobalt'),
(125, 4300, 2021, 'Mineral Commodity Summaries 2021 & 2022 pp. 53', 124, 'Cobalt'),
(126, 3900, 2021, 'Mineral Commodity Summaries 2021 & 2022 pp. 53', 598, 'Cobalt'),
(127, 3000, 2021, 'Mineral Commodity Summaries 2021 & 2022 pp. 53', 450, 'Cobalt'),
(128, 2500, 2021, 'Mineral Commodity Summaries 2021 & 2022 pp. 53', 504, 'Cobalt'),
(129, 2300, 2021, 'Mineral Commodity Summaries 2021 & 2022 pp. 53', 156, 'Cobalt'),
(130, 2200, 2021, 'Mineral Commodity Summaries 2021 & 2022 pp. 53', 360, 'Cobalt'),
(131, 55000, 2021, 'Mineral Commodity Summaries 2022 pp.101', 36, 'Lithium'),
(132, 26000, 2021, 'Mineral Commodity Summaries 2022 pp.101', 152, 'Lithium'),
(133, 14000, 2021, 'Mineral Commodity Summaries 2022 pp.101', 156, 'Lithium'),
(134, 6200, 2021, 'Mineral Commodity Summaries 2022 pp.101', 32, 'Lithium'),
(135, 1500, 2021, 'Mineral Commodity Summaries 2022 pp.101', 76, 'Lithium'),
(136, 1200, 2021, 'Mineral Commodity Summaries 2022 pp.101', 716, 'Lithium'),
(137, 900, 2021, 'Mineral Commodity Summaries 2022 pp.101', 620, 'Lithium'),
(141, 260958, 2019, 'World Agricultural Supply and Deman Estimates_2022 pp. 22', 156, 'Corn'),
(142, 101139, 2019, 'World Agricultural Supply and Deman Estimates_2022 pp. 22', 76, 'Corn'),
(143, 56861, 2019, 'World Agricultural Supply and Deman Estimates_2022 pp. 22', 32, 'Corn'),
(144, 35880, 2019, 'World Agricultural Supply and Deman Estimates_2022 pp. 22', 804, 'Corn'),
(145, 30693, 2019, 'World Agricultural Supply and Deman Estimates_2022 pp. 22', 360, 'Corn'),
(146, 27715, 2019, 'World Agricultural Supply and Deman Estimates_2022 pp. 22', 356, 'Corn'),
(147, 27228, 2019, 'World Agricultural Supply and Deman Estimates_2022 pp. 22', 484, 'Corn'),
(148, 17432, 2019, 'World Agricultural Supply and Deman Estimates_2022 pp. 22', 642, 'Corn'),
(149, 14282, 2019, 'World Agricultural Supply and Deman Estimates_2022 pp. 22', 643, 'Corn'),
(150, 13404, 2019, 'World Agricultural Supply and Deman Estimates_2022 pp. 22', 124, 'Corn'),
(151, 133601, 2019, 'Wheat_production_2020 (by. worldpopulationreview)', 156, 'Wheat'),
(152, 103596, 2019, 'Wheat_production_2020 (by. worldpopulationreview)', 356, 'Wheat'),
(153, 74453, 2019, 'Wheat_production_2020 (by. worldpopulationreview)', 643, 'Wheat'),
(154, 52258, 2019, 'Wheat_production_2020 (by. worldpopulationreview)', 840, 'Wheat'),
(155, 40605, 2019, 'Wheat_production_2020 (by. worldpopulationreview)', 250, 'Wheat'),
(156, 32348, 2019, 'Wheat_production_2020 (by. worldpopulationreview)', 124, 'Wheat'),
(157, 28370, 2019, 'Wheat_production_2020 (by. worldpopulationreview)', 804, 'Wheat'),
(158, 24349, 2019, 'Wheat_production_2020 (by. worldpopulationreview)', 586, 'Wheat'),
(159, 23063, 2019, 'Wheat_production_2020 (by. worldpopulationreview)', 276, 'Wheat'),
(160, 19460, 2019, 'Wheat_production_2020 (by. worldpopulationreview)', 32, 'Wheat'),
(161, 211405, 2019, 'World Food and Agriculture pp. 156', 156, 'Rice'),
(162, 177645, 2019, 'World Food and Agriculture pp. 156', 356, 'Rice'),
(163, 54604, 2019, 'World Food and Agriculture pp. 156', 360, 'Rice'),
(164, 54586, 2019, 'World Food and Agriculture pp. 156', 50, 'Rice'),
(165, 43449, 2019, 'World Food and Agriculture pp. 156', 704, 'Rice'),
(166, 28357, 2019, 'World Food and Agriculture pp. 156', 764, 'Rice'),
(167, 26270, 2019, 'World Food and Agriculture pp. 156', 10, 'Rice'),
(168, 18815, 2019, 'World Food and Agriculture pp. 156', 608, 'Rice'),
(169, 11115, 2019, 'World Food and Agriculture pp. 156', 586, 'Rice'),
(170, 10886, 2019, 'World Food and Agriculture pp. 156', 116, 'Rice'),
(171, 4575.8, 2020, 'https://www.fao.org/faostat/en/#data/QCL', 124, 'Oats'),
(172, 4132.1, 2020, 'https://www.fao.org/faostat/en/#data/QCL', 643, 'Oats'),
(173, 1627.14, 2020, 'https://www.fao.org/faostat/en/#data/QCL', 616, 'Oats'),
(174, 1377.69, 2020, 'https://www.fao.org/faostat/en/#data/QCL', 724, 'Oats'),
(175, 1212.66, 2020, 'https://www.fao.org/faostat/en/#data/QCL', 246, 'Oats'),
(176, 1142.93, 2020, 'https://www.fao.org/faostat/en/#data/QCL', 36, 'Oats'),
(177, 1031, 2020, 'https://www.fao.org/faostat/en/#data/QCL', 826, 'Oats'),
(178, 948.63, 2020, 'https://www.fao.org/faostat/en/#data/QCL', 840, 'Oats'),
(179, 898.277, 2020, 'https://www.fao.org/faostat/en/#data/QCL', 76, 'Oats'),
(180, 807.6, 2020, 'https://www.fao.org/faostat/en/#data/QCL', 752, 'Oats'),
(181, 16627, 2018, 'World Food and Agriculture pp. 162', 156, 'SoybeanOil'),
(182, 10884, 2018, 'World Food and Agriculture pp. 162', 840, 'SoybeanOil'),
(183, 9305, 2018, 'World Food and Agriculture pp. 162', 76, 'SoybeanOil'),
(184, 7249, 2018, 'World Food and Agriculture pp. 162', 32, 'SoybeanOil'),
(185, 1508, 2018, 'World Food and Agriculture pp. 162', 156, 'SoybeanOil'),
(186, 797, 2018, 'World Food and Agriculture pp. 162', 356, 'SoybeanOil'),
(187, 756, 2018, 'World Food and Agriculture pp. 162', 600, 'SoybeanOil'),
(188, 744, 2018, 'World Food and Agriculture pp. 162', 124, 'SoybeanOil'),
(189, 649, 2018, 'World Food and Agriculture pp. 162', 643, 'SoybeanOil'),
(190, 573, 2018, 'World Food and Agriculture pp. 162', 68, 'SoybeanOil'),
(191, 121798, 2020, 'World Food and Agriculture pp. 162', 356, 'Soybeans'),
(192, 112549, 2020, 'World Food and Agriculture pp. 162', 586, 'Soybeans'),
(193, 48796.7, 2020, 'World Food and Agriculture pp. 162', 156, 'Soybeans'),
(194, 19604.4, 2020, 'World Food and Agriculture pp. 162', 76, 'Soybeans'),
(195, 19600, 2020, 'World Food and Agriculture pp. 162', 276, 'Soybeans'),
(196, 11226, 2020, 'World Food and Agriculture pp. 162', 643, 'Soybeans'),
(197, 11024.5, 2020, 'World Food and Agriculture pp. 162', 250, 'Soybeans'),
(198, 6358.5, 2020, 'World Food and Agriculture pp. 162', 792, 'Soybeans'),
(199, 4307.59, 2020, 'World Food and Agriculture pp. 162', 170, 'Soybeans'),
(200, 2829.36, 2020, 'World Food and Agriculture pp. 162', 554, 'Soybeans'),
(201, 187633, 2019, 'USDA-Agricultural-Projections-to-2031', 356, 'Milk'),
(202, 55957.2, 2019, 'USDA-Agricultural-Projections-to-2031', 586, 'Milk'),
(203, 36792.8, 2019, 'USDA-Agricultural-Projections-to-2031', 156, 'Milk'),
(204, 36174.1, 2019, 'USDA-Agricultural-Projections-to-2031', 76, 'Milk'),
(205, 33102.6, 2019, 'USDA-Agricultural-Projections-to-2031', 276, 'Milk'),
(206, 31344.7, 2019, 'USDA-Agricultural-Projections-to-2031', 643, 'Milk'),
(207, 25909, 2019, 'USDA-Agricultural-Projections-to-2031', 250, 'Milk'),
(208, 22960.4, 2019, 'USDA-Agricultural-Projections-to-2031', 792, 'Milk'),
(209, 21847.1, 2019, 'USDA-Agricultural-Projections-to-2031', 170, 'Milk'),
(210, 21872, 2019, 'USDA-Agricultural-Projections-to-2031', 554, 'Milk'),
(211, 752895, 2019, 'World Food and Agriculture pp. 152', 76, 'Sugar'),
(212, 405416, 2019, 'World Food and Agriculture pp. 152', 356, 'Sugar'),
(213, 131002, 2019, 'World Food and Agriculture pp. 152', 764, 'Sugar'),
(214, 122236, 2019, 'World Food and Agriculture pp. 152', 156, 'Sugar'),
(215, 66919, 2019, 'World Food and Agriculture pp. 152', 586, 'Sugar'),
(216, 54918, 2019, 'World Food and Agriculture pp. 152', 840, 'Sugar'),
(217, 54350, 2019, 'World Food and Agriculture pp. 152', 643, 'Sugar'),
(218, 38024, 2019, 'World Food and Agriculture pp. 152', 250, 'Sugar'),
(219, 32696, 2019, 'World Food and Agriculture pp. 152', 170, 'Sugar'),
(220, 32415, 2019, 'World Food and Agriculture pp. 152', 36, 'Sugar'),
(221, 56300, 2021, ' coffee_statistics_data_2021 (thousand 60-killogram bags)', 76, 'Coffee'),
(222, 31100, 2021, ' coffee_statistics_data_2021 (thousand 60-killogram bags)', 704, 'Coffee'),
(223, 13800, 2021, ' coffee_statistics_data_2021 (thousand 60-killogram bags)', 170, 'Coffee'),
(224, 10580, 2021, ' coffee_statistics_data_2021 (thousand 60-killogram bags)', 360, 'Coffee'),
(225, 7620, 2021, ' coffee_statistics_data_2021 (thousand 60-killogram bags)', 231, 'Coffee'),
(226, 6800, 2021, ' coffee_statistics_data_2021 (thousand 60-killogram bags)', 340, 'Coffee'),
(227, 5920, 2021, ' coffee_statistics_data_2021 (thousand 60-killogram bags)', 800, 'Coffee'),
(228, 5530, 2021, ' coffee_statistics_data_2021 (thousand 60-killogram bags)', 356, 'Coffee'),
(229, 4000, 2021, ' coffee_statistics_data_2021 (thousand 60-killogram bags)', 320, 'Coffee'),
(230, 4000, 2021, ' coffee_statistics_data_2021 (thousand 60-killogram bags)', 604, 'Coffee');

-- --------------------------------------------------------

--
-- 테이블 구조 `reserves`
--

CREATE TABLE `reserves` (
  `id` int NOT NULL,
  `value` float NOT NULL,
  `date` year NOT NULL,
  `source` varchar(100) CHARACTER SET utf8mb3 COLLATE utf8_general_ci NOT NULL,
  `world_id` int NOT NULL,
  `commodity` varchar(20) CHARACTER SET utf8mb3 COLLATE utf8_general_ci NOT NULL
) ENGINE=InnoDB DEFAULT CHARSET=utf8mb4 COLLATE=utf8mb4_unicode_ci;

--
-- 테이블의 덤프 데이터 `reserves`
--

INSERT INTO `reserves` (`id`, `value`, `date`, `source`, `world_id`, `commodity`) VALUES
(1, 48000, 2020, ' bp-stats-review-2021-all-data', 862, 'CrudeOil'),
(2, 40900, 2020, ' bp-stats-review-2022-all-data', 682, 'CrudeOil'),
(3, 27100, 2020, ' bp-stats-review-2023-all-data', 124, 'CrudeOil'),
(4, 21700, 2020, ' bp-stats-review-2024-all-data', 364, 'CrudeOil'),
(5, 19600, 2020, ' bp-stats-review-2025-all-data', 368, 'CrudeOil'),
(6, 14800, 2020, ' bp-stats-review-2026-all-data', 643, 'CrudeOil'),
(7, 14000, 2020, ' bp-stats-review-2027-all-data', 414, 'CrudeOil'),
(8, 13000, 2020, ' bp-stats-review-2028-all-data', 784, 'CrudeOil'),
(9, 8200, 2020, ' bp-stats-review-2029-all-data', 840, 'CrudeOil'),
(10, 6300, 2020, ' bp-stats-review-2030-all-data', 434, 'CrudeOil'),
(11, 1320.5, 2020, ' bp-stats-review-2021-all-data', 643, 'NaturalGas'),
(12, 1133.6, 2020, ' bp-stats-review-2022-all-data', 364, 'NaturalGas'),
(13, 871.1, 2020, ' bp-stats-review-2023-all-data', 634, 'NaturalGas'),
(14, 480.3, 2020, ' bp-stats-review-2024-all-data', 795, 'NaturalGas'),
(15, 445.6, 2020, ' bp-stats-review-2025-all-data', 840, 'NaturalGas'),
(16, 296.6, 2020, ' bp-stats-review-2026-all-data', 156, 'NaturalGas'),
(17, 221.1, 2020, ' bp-stats-review-2027-all-data', 862, 'NaturalGas'),
(18, 212.6, 2020, ' bp-stats-review-2028-all-data', 682, 'NaturalGas'),
(19, 209.7, 2020, ' bp-stats-review-2029-all-data', 784, 'NaturalGas'),
(20, 193.3, 2020, ' bp-stats-review-2030-all-data', 566, 'NaturalGas'),
(21, 248941, 2020, ' Full report-Statistical Review of World Energy 2021, pp 46-51', 840, 'Coal'),
(22, 162166, 2020, ' Full report-Statistical Review of World Energy 2021, pp 46-51', 643, 'Coal'),
(23, 150227, 2020, ' Full report-Statistical Review of World Energy 2021, pp 46-51', 36, 'Coal'),
(24, 143197, 2020, ' Full report-Statistical Review of World Energy 2021, pp 46-51', 156, 'Coal'),
(25, 111052, 2020, ' Full report-Statistical Review of World Energy 2021, pp 46-51', 356, 'Coal'),
(26, 35900, 2020, ' Full report-Statistical Review of World Energy 2021, pp 46-51', 276, 'Coal'),
(27, 34869, 2020, ' Full report-Statistical Review of World Energy 2021, pp 46-51', 360, 'Coal'),
(28, 34375, 2020, ' Full report-Statistical Review of World Energy 2021, pp 46-51', 804, 'Coal'),
(29, 28395, 2020, ' Full report-Statistical Review of World Energy 2021, pp 46-51', 616, 'Coal'),
(30, 25605, 2020, ' Full report-Statistical Review of World Energy 2021, pp 46-51', 398, 'Coal'),
(31, 39000, 2020, ' Mineral Commodity Summaries 2022 pp.23', 156, 'Aluminium'),
(32, 3900, 2020, ' Mineral Commodity Summaries 2022 pp.23', 356, 'Aluminium'),
(33, 3700, 2020, ' Mineral Commodity Summaries 2022 pp.23', 643, 'Aluminium'),
(34, 3100, 2020, ' Mineral Commodity Summaries 2022 pp.23', 124, 'Aluminium'),
(35, 2600, 2020, ' Mineral Commodity Summaries 2022 pp.23', 784, 'Aluminium'),
(36, 1600, 2020, ' Mineral Commodity Summaries 2022 pp.23', 36, 'Aluminium'),
(37, 1500, 2020, ' Mineral Commodity Summaries 2022 pp.23', 48, 'Aluminium'),
(38, 1400, 2020, ' Mineral Commodity Summaries 2022 pp.23', 578, 'Aluminium'),
(39, 880, 2020, ' Mineral Commodity Summaries 2022 pp.23', 352, 'Aluminium'),
(40, 880, 2020, ' Mineral Commodity Summaries 2022 pp.23', 840, 'Aluminium'),
(41, 200000, 2020, ' Mineral Commodity Summaries 2022 pp.55', 152, 'Copper'),
(42, 93000, 2020, ' Mineral Commodity Summaries 2022 pp.55', 36, 'Copper'),
(43, 77000, 2020, ' Mineral Commodity Summaries 2022 pp.55', 604, 'Copper'),
(44, 62000, 2020, ' Mineral Commodity Summaries 2022 pp.55', 643, 'Copper'),
(45, 48000, 2020, ' Mineral Commodity Summaries 2022 pp.55', 840, 'Copper'),
(46, 31000, 2020, ' Mineral Commodity Summaries 2022 pp.55', 616, 'Copper'),
(47, 31000, 2020, ' Mineral Commodity Summaries 2022 pp.55', 178, 'Copper'),
(48, 26000, 2020, ' Mineral Commodity Summaries 2022 pp.55', 156, 'Copper'),
(49, 24000, 2020, ' Mineral Commodity Summaries 2022 pp.55', 360, 'Copper'),
(50, 21000, 2020, ' Mineral Commodity Summaries 2022 pp.55', 894, 'Copper'),
(51, 69000, 2020, ' Mineral Commodity Summaries 2021 & 2022 pp.193', 36, 'Zinc'),
(52, 22000, 2020, ' Mineral Commodity Summaries 2021 & 2022 pp.193', 156, 'Zinc'),
(53, 19000, 2020, ' Mineral Commodity Summaries 2021 & 2022 pp.193', 643, 'Zinc'),
(54, 19000, 2020, ' Mineral Commodity Summaries 2021 & 2022 pp.193', 604, 'Zinc'),
(55, 12000, 2020, ' Mineral Commodity Summaries 2021 & 2022 pp.193', 484, 'Zinc'),
(56, 9100, 2020, ' Mineral Commodity Summaries 2021 & 2022 pp.193', 398, 'Zinc'),
(57, 9000, 2020, ' Mineral Commodity Summaries 2021 & 2022 pp.193', 356, 'Zinc'),
(58, 5400, 2020, ' Mineral Commodity Summaries 2021 & 2022 pp.193', 840, 'Zinc'),
(59, 4800, 2020, ' Mineral Commodity Summaries 2021 & 2022 pp.193', 124, 'Zinc'),
(60, 3700, 2020, ' Mineral Commodity Summaries 2021 & 2022 pp.193', 68, 'Zinc'),
(61, 21000000, 2020, ' Mineral Commodity Summaries 2021 & 2022 pp.115', 360, 'Nickel'),
(62, 21000000, 2020, ' Mineral Commodity Summaries 2021 & 2022 pp.115', 36, 'Nickel'),
(63, 16000000, 2020, ' Mineral Commodity Summaries 2021 & 2022 pp.115', 76, 'Nickel'),
(64, 7500000, 2020, ' Mineral Commodity Summaries 2021 & 2022 pp.115', 643, 'Nickel'),
(65, 4800000, 2020, ' Mineral Commodity Summaries 2021 & 2022 pp.115', 608, 'Nickel'),
(66, 2800000, 2020, ' Mineral Commodity Summaries 2021 & 2022 pp.115', 156, 'Nickel'),
(67, 2000000, 2020, ' Mineral Commodity Summaries 2021 & 2022 pp.115', 124, 'Nickel'),
(68, 340000, 2020, ' Mineral Commodity Summaries 2021 & 2022 pp.115', 840, 'Nickel'),
(71, 37000, 2020, ' Mineral Commodity Summaries 2021 & 2022 pp.96', 36, 'Lead'),
(72, 18000, 2020, ' Mineral Commodity Summaries 2021 & 2022 pp.96', 156, 'Lead'),
(73, 6400, 2020, ' Mineral Commodity Summaries 2021 & 2022 pp.96', 604, 'Lead'),
(74, 5600, 2020, ' Mineral Commodity Summaries 2021 & 2022 pp.96', 484, 'Lead'),
(75, 5000, 2020, ' Mineral Commodity Summaries 2021 & 2022 pp.96', 840, 'Lead'),
(76, 4000, 2020, ' Mineral Commodity Summaries 2021 & 2022 pp.96', 643, 'Lead'),
(77, 2500, 2020, ' Mineral Commodity Summaries 2021 & 2022 pp.96', 356, 'Lead'),
(78, 2000, 2020, ' Mineral Commodity Summaries 2021 & 2022 pp.96', 398, 'Lead'),
(79, 1600, 2020, ' Mineral Commodity Summaries 2021 & 2022 pp.96', 68, 'Lead'),
(80, 1100, 2020, ' Mineral Commodity Summaries 2021 & 2022 pp.96', 752, 'Lead'),
(81, 1100000, 2020, 'Mineral Commodity Summaries 2021 & 2022 pp. 175', 156, 'Tin'),
(82, 800000, 2020, 'Mineral Commodity Summaries 2021 & 2022 pp. 175', 360, 'Tin'),
(83, 700000, 2020, 'Mineral Commodity Summaries 2021 & 2022 pp. 175', 104, 'Tin'),
(84, 560000, 2020, 'Mineral Commodity Summaries 2021 & 2022 pp. 175', 36, 'Tin'),
(85, 420000, 2020, 'Mineral Commodity Summaries 2021 & 2022 pp. 175', 76, 'Tin'),
(86, 400000, 2020, 'Mineral Commodity Summaries 2021 & 2022 pp. 175', 608, 'Tin'),
(87, 200000, 2020, 'Mineral Commodity Summaries 2021 & 2022 pp. 175', 643, 'Tin'),
(88, 150000, 2020, 'Mineral Commodity Summaries 2021 & 2022 pp. 175', 604, 'Tin'),
(89, 130000, 2020, 'Mineral Commodity Summaries 2021 & 2022 pp. 175', 178, 'Tin'),
(90, 81000, 2020, 'Mineral Commodity Summaries 2021 & 2022 pp. 175', 458, 'Tin'),
(91, 51000, 2020, 'Mineral Commodity Summaries 2021 & 2022 pp. 85', 36, 'IronOre'),
(92, 34000, 2020, 'Mineral Commodity Summaries 2021 & 2022 pp. 85', 76, 'IronOre'),
(93, 25000, 2020, 'Mineral Commodity Summaries 2021 & 2022 pp. 85', 643, 'IronOre'),
(94, 20000, 2020, 'Mineral Commodity Summaries 2021 & 2022 pp. 85', 156, 'IronOre'),
(95, 6500, 2020, 'Mineral Commodity Summaries 2021 & 2022 pp. 85', 804, 'IronOre'),
(96, 6000, 2020, 'Mineral Commodity Summaries 2021 & 2022 pp. 85', 124, 'IronOre'),
(97, 5500, 2020, 'Mineral Commodity Summaries 2021 & 2022 pp. 85', 356, 'IronOre'),
(98, 3000, 2020, 'Mineral Commodity Summaries 2021 & 2022 pp. 85', 840, 'IronOre'),
(99, 2700, 2020, 'Mineral Commodity Summaries 2021 & 2022 pp. 85', 364, 'IronOre'),
(100, 2600, 2020, 'Mineral Commodity Summaries 2021 & 2022 pp. 85', 604, 'IronOre'),
(101, 51000, 2020, 'Mineral Commodity Summaries 2021 & 2022 pp. 73', 36, 'Gold'),
(102, 34000, 2020, 'Mineral Commodity Summaries 2021 & 2022 pp. 73', 643, 'Gold'),
(103, 25000, 2020, 'Mineral Commodity Summaries 2021 & 2022 pp. 73', 710, 'Gold'),
(104, 20000, 2020, 'Mineral Commodity Summaries 2021 & 2022 pp. 73', 840, 'Gold'),
(105, 6500, 2020, 'Mineral Commodity Summaries 2021 & 2022 pp. 73', 360, 'Gold'),
(106, 6000, 2020, 'Mineral Commodity Summaries 2021 & 2022 pp. 73', 76, 'Gold'),
(107, 5500, 2020, 'Mineral Commodity Summaries 2021 & 2022 pp. 73', 124, 'Gold'),
(108, 3000, 2020, 'Mineral Commodity Summaries 2021 & 2022 pp. 73', 170, 'Gold'),
(109, 2700, 2020, 'Mineral Commodity Summaries 2021 & 2022 pp. 73', 604, 'Gold'),
(110, 2600, 2020, 'Mineral Commodity Summaries 2021 & 2022 pp. 73', 860, 'Gold'),
(111, 120000, 2020, 'Mineral Commodity Summaries 2021 & 2022 pp. 153', 604, 'Silver'),
(112, 90000, 2020, 'Mineral Commodity Summaries 2021 & 2022 pp. 153', 36, 'Silver'),
(113, 67000, 2020, 'Mineral Commodity Summaries 2021 & 2022 pp. 153', 616, 'Silver'),
(114, 45000, 2020, 'Mineral Commodity Summaries 2021 & 2022 pp. 153', 643, 'Silver'),
(115, 41000, 2020, 'Mineral Commodity Summaries 2021 & 2022 pp. 153', 156, 'Silver'),
(116, 37000, 2020, 'Mineral Commodity Summaries 2021 & 2022 pp. 153', 840, 'Silver'),
(117, 26000, 2020, 'Mineral Commodity Summaries 2021 & 2022 pp. 153', 484, 'Silver'),
(118, 26000, 2020, 'Mineral Commodity Summaries 2021 & 2022 pp. 153', 152, 'Silver'),
(119, 22000, 2020, 'Mineral Commodity Summaries 2021 & 2022 pp. 153', 604, 'Silver'),
(121, 3500000, 2020, 'Mineral Commodity Summaries 2021 & 2022 pp. 53', 178, 'Cobalt'),
(122, 1400000, 2020, 'Mineral Commodity Summaries 2021 & 2022 pp. 53', 36, 'Cobalt'),
(123, 600000, 2020, 'Mineral Commodity Summaries 2021 & 2022 pp. 53', 360, 'Cobalt'),
(124, 500000, 2020, 'Mineral Commodity Summaries 2021 & 2022 pp. 53', 192, 'Cobalt'),
(125, 260000, 2020, 'Mineral Commodity Summaries 2021 & 2022 pp. 53', 608, 'Cobalt'),
(126, 250000, 2020, 'Mineral Commodity Summaries 2021 & 2022 pp. 53', 643, 'Cobalt'),
(127, 220000, 2020, 'Mineral Commodity Summaries 2021 & 2022 pp. 53', 124, 'Cobalt'),
(128, 100000, 2020, 'Mineral Commodity Summaries 2021 & 2022 pp. 53', 450, 'Cobalt'),
(129, 80000, 2020, 'Mineral Commodity Summaries 2021 & 2022 pp. 53', 156, 'Cobalt'),
(130, 69000, 2020, 'Mineral Commodity Summaries 2021 & 2022 pp. 53', 840, 'Cobalt'),
(131, 9200000, 2020, 'Mineral Commodity Summaries 2022 pp.101', 152, 'Lithium'),
(132, 5700000, 2020, 'Mineral Commodity Summaries 2022 pp.101', 36, 'Lithium'),
(133, 2200000, 2020, 'Mineral Commodity Summaries 2022 pp.101', 32, 'Lithium'),
(134, 1500000, 2020, 'Mineral Commodity Summaries 2022 pp.101', 156, 'Lithium'),
(135, 750000, 2020, 'Mineral Commodity Summaries 2022 pp.101', 840, 'Lithium'),
(136, 220000, 2020, 'Mineral Commodity Summaries 2022 pp.101', 716, 'Lithium'),
(137, 600000, 2020, 'Mineral Commodity Summaries 2022 pp.101', 76, 'Lithium'),
(138, 95000, 2020, 'Mineral Commodity Summaries 2022 pp.101', 620, 'Lithium'),
(168, 986.74, 2021, 'Mineral Commodity Summaries 2022 pp.101', 408, 'Rice'),
(169, 914.73, 2021, 'Mineral Commodity Summaries 2022 pp.101', 392, 'Rice'),
(170, 886.2, 2021, 'Mineral Commodity Summaries 2022 pp.101', 586, 'Rice'),
(171, 283, 2021, 'Mineral Commodity Summaries 2022 pp.101', 36, 'Oats'),
(172, 273, 2021, 'Mineral Commodity Summaries 2022 pp.101', 124, 'Oats'),
(173, 89, 2021, 'Mineral Commodity Summaries 2022 pp.101', 152, 'Oats'),
(174, 108, 2021, 'Mineral Commodity Summaries 2022 pp.101', 156, 'Oats'),
(175, 291, 2021, 'Mineral Commodity Summaries 2022 pp.101', 1, 'Oats'),
(176, 122, 2021, 'Mineral Commodity Summaries 2022 pp.101', 643, 'Oats'),
(177, 152, 2021, 'Mineral Commodity Summaries 2022 pp.101', 826, 'Oats'),
(181, 896, 2021, 'Mineral Commodity Summaries 2022 pp.101', 840, 'Soybean Oil'),
(182, 395, 2021, 'Mineral Commodity Summaries 2022 pp.101', 76, 'Soybean Oil'),
(183, 362, 2021, 'Mineral Commodity Summaries 2022 pp.101', 1, 'Soybean Oil'),
(184, 350, 2021, 'Mineral Commodity Summaries 2022 pp.101', 156, 'Soybean Oil'),
(185, 250, 2021, 'Mineral Commodity Summaries 2022 pp.101', 32, 'Soybean Oil'),
(197, 750, 2021, 'Mineral Commodity Summaries 2022 pp.101', 484, 'Soybeans'),
(198, 722.97, 2021, 'Mineral Commodity Summaries 2022 pp.101', 710, 'Soybeans'),
(199, 633.17, 2021, 'Mineral Commodity Summaries 2022 pp.101', 1, 'Soybeans'),
(200, 307.46, 2021, 'Mineral Commodity Summaries 2022 pp.101', 643, 'Soybeans'),
(201, 122000, 2021, 'Mineral Commodity Summaries 2022 pp.101', 840, 'Milk'),
(202, 86000, 2021, 'Mineral Commodity Summaries 2022 pp.101', 392, 'Milk'),
(203, 86000, 2021, 'Mineral Commodity Summaries 2022 pp.101', 554, 'Milk'),
(204, 42000, 2021, 'Mineral Commodity Summaries 2022 pp.101', 124, 'Milk'),
(205, 36000, 2021, 'Mineral Commodity Summaries 2022 pp.101', 36, 'Milk'),
(206, 30000, 2021, 'Mineral Commodity Summaries 2022 pp.101', 356, 'Milk'),
(207, 21000, 2021, 'Mineral Commodity Summaries 2022 pp.101', 12, 'Milk'),
(208, 17000, 2021, 'Mineral Commodity Summaries 2022 pp.101', 608, 'Milk'),
(209, 13000, 2021, 'Mineral Commodity Summaries 2022 pp.101', 32, 'Milk'),
(210, 12000, 2021, 'Mineral Commodity Summaries 2022 pp.101', 408, 'Milk'),
(221, 11267, 2021, 'Mineral Commodity Summaries 2022 pp.101', 1, 'Coffee'),
(222, 5808, 2021, 'Mineral Commodity Summaries 2022 pp.101', 840, 'Coffee'),
(223, 2940, 2021, 'Mineral Commodity Summaries 2022 pp.101', 704, 'Coffee'),
(224, 2864, 2021, 'Mineral Commodity Summaries 2022 pp.101', 76, 'Coffee'),
(225, 2433, 2021, 'Mineral Commodity Summaries 2022 pp.101', 392, 'Coffee'),
(226, 834, 2021, 'Mineral Commodity Summaries 2022 pp.101', 360, 'Coffee'),
(227, 600, 2021, 'Mineral Commodity Summaries 2022 pp.101', 608, 'Coffee'),
(228, 500, 2021, 'Mineral Commodity Summaries 2022 pp.101', 170, 'Coffee'),
(229, 452, 2021, 'Mineral Commodity Summaries 2022 pp.101', 156, 'Coffee'),
(230, 388, 2021, 'Mineral Commodity Summaries 2022 pp.101', 800, 'Coffee');

-- --------------------------------------------------------

--
-- 테이블 구조 `stock`
--

CREATE TABLE `stock` (
  `id` int NOT NULL,
  `value` float NOT NULL,
  `date` year NOT NULL,
  `source` varchar(100) CHARACTER SET utf8mb4 COLLATE utf8mb4_unicode_ci NOT NULL,
  `world_id` int NOT NULL,
  `commodity` varchar(20) CHARACTER SET utf8mb4 COLLATE utf8mb4_unicode_ci NOT NULL
) ENGINE=InnoDB DEFAULT CHARSET=utf8mb4 COLLATE=utf8mb4_unicode_ci;

--
-- 테이블의 덤프 데이터 `stock`
--

INSERT INTO `stock` (`id`, `value`, `date`, `source`, `world_id`, `commodity`) VALUES
(1, 138850, 2021, 'Mineral Commodity Summaries 2022 pp.101', 156, 'Corn'),
(2, 50178.1, 2021, 'Mineral Commodity Summaries 2022 pp.101', 840, 'Corn'),
(3, 15880.2, 2021, 'Mineral Commodity Summaries 2022 pp.101', 1, 'Corn'),
(4, 14851.8, 2021, 'Mineral Commodity Summaries 2022 pp.101', 76, 'Corn'),
(5, 6090.32, 2021, 'Mineral Commodity Summaries 2022 pp.101', 604, 'Corn'),
(6, 6055.23, 2021, 'Mineral Commodity Summaries 2022 pp.101', 484, 'Corn'),
(7, 4611.9, 2021, 'Mineral Commodity Summaries 2022 pp.101', 32, 'Corn'),
(8, 4017.24, 2021, 'Mineral Commodity Summaries 2022 pp.101', 600, 'Corn'),
(9, 3436.11, 2021, 'Mineral Commodity Summaries 2022 pp.101', 710, 'Corn'),
(10, 2923.78, 2021, 'Mineral Commodity Summaries 2022 pp.101', 804, 'Corn'),
(11, 150261, 2021, 'Mineral Commodity Summaries 2022 pp.101', 156, 'Wheat'),
(12, 27329.6, 2021, 'Mineral Commodity Summaries 2022 pp.101', 840, 'Wheat'),
(13, 19912.7, 2021, 'Mineral Commodity Summaries 2022 pp.101', 356, 'Wheat'),
(14, 13777.4, 2021, 'Mineral Commodity Summaries 2022 pp.101', 764, 'Wheat'),
(15, 8934.02, 2021, 'Mineral Commodity Summaries 2022 pp.101', 704, 'Wheat'),
(16, 5861.23, 2021, 'Mineral Commodity Summaries 2022 pp.101', 608, 'Wheat'),
(17, 5165.05, 2021, 'Mineral Commodity Summaries 2022 pp.101', 840, 'Wheat'),
(18, 3486.41, 2021, 'Mineral Commodity Summaries 2022 pp.101', 408, 'Wheat'),
(19, 3048.88, 2021, 'Mineral Commodity Summaries 2022 pp.101', 392, 'Wheat'),
(20, 2820.83, 2021, 'Mineral Commodity Summaries 2022 pp.101', 586, 'Wheat'),
(21, 103725, 2021, 'Mineral Commodity Summaries 2022 pp.101', 156, 'Rice'),
(22, 25858.6, 2021, 'Mineral Commodity Summaries 2022 pp.101', 356, 'Rice'),
(23, 8736.06, 2021, 'Mineral Commodity Summaries 2022 pp.101', 360, 'Rice'),
(24, 5865.32, 2021, 'Mineral Commodity Summaries 2022 pp.101', 764, 'Rice'),
(25, 3274.76, 2021, 'Mineral Commodity Summaries 2022 pp.101', 704, 'Rice'),
(26, 2509.45, 2021, 'Mineral Commodity Summaries 2022 pp.101', 608, 'Rice'),
(27, 1313.05, 2021, 'Mineral Commodity Summaries 2022 pp.101', 840, 'Rice'),
(28, 986.74, 2021, 'Mineral Commodity Summaries 2022 pp.101', 408, 'Rice'),
(29, 914.73, 2021, 'Mineral Commodity Summaries 2022 pp.101', 392, 'Rice'),
(30, 886.2, 2021, 'Mineral Commodity Summaries 2022 pp.101', 586, 'Rice'),
(31, 283, 2021, 'Mineral Commodity Summaries 2022 pp.101', 36, 'Oats'),
(32, 273, 2021, 'Mineral Commodity Summaries 2022 pp.101', 124, 'Oats'),
(33, 89, 2021, 'Mineral Commodity Summaries 2022 pp.101', 152, 'Oats'),
(34, 108, 2021, 'Mineral Commodity Summaries 2022 pp.101', 156, 'Oats'),
(35, 291, 2021, 'Mineral Commodity Summaries 2022 pp.101', 1, 'Oats'),
(36, 122, 2021, 'Mineral Commodity Summaries 2022 pp.101', 643, 'Oats'),
(37, 152, 2021, 'Mineral Commodity Summaries 2022 pp.101', 826, 'Oats'),
(41, 896, 2021, 'Mineral Commodity Summaries 2022 pp.101', 840, 'Soybean Oil'),
(42, 395, 2021, 'Mineral Commodity Summaries 2022 pp.101', 76, 'Soybean Oil'),
(43, 362, 2021, 'Mineral Commodity Summaries 2022 pp.101', 1, 'Soybean Oil'),
(44, 350, 2021, 'Mineral Commodity Summaries 2022 pp.101', 156, 'Soybean Oil'),
(45, 250, 2021, 'Mineral Commodity Summaries 2022 pp.101', 32, 'Soybean Oil'),
(51, 17740.9, 2021, 'Mineral Commodity Summaries 2022 pp.101', 840, 'Soybeans'),
(52, 12188.1, 2021, 'Mineral Commodity Summaries 2022 pp.101', 156, 'Soybeans'),
(53, 3975.6, 2021, 'Mineral Commodity Summaries 2022 pp.101', 32, 'Soybeans'),
(54, 2981.5, 2021, 'Mineral Commodity Summaries 2022 pp.101', 76, 'Soybeans'),
(55, 1397.6, 2021, 'Mineral Commodity Summaries 2022 pp.101', 392, 'Soybeans'),
(56, 1313.72, 2021, 'Mineral Commodity Summaries 2022 pp.101', 600, 'Soybeans'),
(57, 750, 2021, 'Mineral Commodity Summaries 2022 pp.101', 484, 'Soybeans'),
(58, 722.97, 2021, 'Mineral Commodity Summaries 2022 pp.101', 710, 'Soybeans'),
(59, 633.17, 2021, 'Mineral Commodity Summaries 2022 pp.101', 1, 'Soybeans'),
(60, 307.46, 2021, 'Mineral Commodity Summaries 2022 pp.101', 643, 'Soybeans'),
(61, 122000, 2021, 'Mineral Commodity Summaries 2022 pp.101', 840, 'Milk'),
(62, 86000, 2021, 'Mineral Commodity Summaries 2022 pp.101', 392, 'Milk'),
(63, 86000, 2021, 'Mineral Commodity Summaries 2022 pp.101', 554, 'Milk'),
(64, 42000, 2021, 'Mineral Commodity Summaries 2022 pp.101', 124, 'Milk'),
(65, 36000, 2021, 'Mineral Commodity Summaries 2022 pp.101', 36, 'Milk'),
(66, 30000, 2021, 'Mineral Commodity Summaries 2022 pp.101', 356, 'Milk'),
(67, 21000, 2021, 'Mineral Commodity Summaries 2022 pp.101', 12, 'Milk'),
(68, 17000, 2021, 'Mineral Commodity Summaries 2022 pp.101', 608, 'Milk'),
(69, 13000, 2021, 'Mineral Commodity Summaries 2022 pp.101', 32, 'Milk'),
(70, 12000, 2021, 'Mineral Commodity Summaries 2022 pp.101', 408, 'Milk'),
(71, 20176.4, 2021, 'Mineral Commodity Summaries 2022 pp.101', 356, 'Sugar'),
(72, 7205.98, 2021, 'Mineral Commodity Summaries 2022 pp.101', 156, 'Sugar'),
(73, 6027.57, 2021, 'Mineral Commodity Summaries 2022 pp.101', 764, 'Sugar'),
(74, 3360.14, 2021, 'Mineral Commodity Summaries 2022 pp.101', 76, 'Sugar'),
(75, 2400.86, 2021, 'Mineral Commodity Summaries 2022 pp.101', 586, 'Sugar'),
(76, 2319.06, 2021, 'Mineral Commodity Summaries 2022 pp.101', 818, 'Sugar'),
(77, 2307.68, 2021, 'Mineral Commodity Summaries 2022 pp.101', 643, 'Sugar'),
(78, 2203, 2021, 'Mineral Commodity Summaries 2022 pp.101', 484, 'Sugar'),
(79, 2129.12, 2021, 'Mineral Commodity Summaries 2022 pp.101', 360, 'Sugar'),
(80, 1722.24, 2021, 'Mineral Commodity Summaries 2022 pp.101', 1, 'Sugar'),
(81, 11267, 2021, 'Mineral Commodity Summaries 2022 pp.101', 1, 'Coffee'),
(82, 5808, 2021, 'Mineral Commodity Summaries 2022 pp.101', 840, 'Coffee'),
(83, 2940, 2021, 'Mineral Commodity Summaries 2022 pp.101', 704, 'Coffee'),
(84, 2864, 2021, 'Mineral Commodity Summaries 2022 pp.101', 76, 'Coffee'),
(85, 2433, 2021, 'Mineral Commodity Summaries 2022 pp.101', 392, 'Coffee'),
(86, 834, 2021, 'Mineral Commodity Summaries 2022 pp.101', 360, 'Coffee'),
(87, 600, 2021, 'Mineral Commodity Summaries 2022 pp.101', 608, 'Coffee'),
(88, 500, 2021, 'Mineral Commodity Summaries 2022 pp.101', 170, 'Coffee'),
(89, 452, 2021, 'Mineral Commodity Summaries 2022 pp.101', 156, 'Coffee'),
(90, 388, 2021, 'Mineral Commodity Summaries 2022 pp.101', 800, 'Coffee');

-- --------------------------------------------------------

--
-- 테이블 구조 `world`
--

CREATE TABLE `world` (
  `id` int NOT NULL,
  `alpha_2` char(2) NOT NULL DEFAULT '',
  `alpha_3` char(3) NOT NULL DEFAULT '',
  `name` varchar(75) NOT NULL DEFAULT ''
) ENGINE=MyISAM DEFAULT CHARSET=utf8mb3;

--
-- 테이블의 덤프 데이터 `world`
--

INSERT INTO `world` (`id`, `alpha_2`, `alpha_3`, `name`) VALUES
(4, 'af', 'afg', 'Afghanistan'),
(248, 'ax', 'ala', 'Åland Islands'),
(8, 'al', 'alb', 'Albania'),
(12, 'dz', 'dza', 'Algeria'),
(16, 'as', 'asm', 'American Samoa'),
(20, 'ad', 'and', 'Andorra'),
(24, 'ao', 'ago', 'Angola'),
(660, 'ai', 'aia', 'Anguilla'),
(10, 'aq', 'ata', 'Antarctica'),
(28, 'ag', 'atg', 'Antigua and Barbuda'),
(32, 'ar', 'arg', 'Argentina'),
(51, 'am', 'arm', 'Armenia'),
(533, 'aw', 'abw', 'Aruba'),
(36, 'au', 'aus', 'Australia'),
(40, 'at', 'aut', 'Austria'),
(31, 'az', 'aze', 'Azerbaijan'),
(44, 'bs', 'bhs', 'Bahamas'),
(48, 'bh', 'bhr', 'Bahrain'),
(50, 'bd', 'bgd', 'Bangladesh'),
(52, 'bb', 'brb', 'Barbados'),
(112, 'by', 'blr', 'Belarus'),
(56, 'be', 'bel', 'Belgium'),
(84, 'bz', 'blz', 'Belize'),
(204, 'bj', 'ben', 'Benin'),
(60, 'bm', 'bmu', 'Bermuda'),
(64, 'bt', 'btn', 'Bhutan'),
(68, 'bo', 'bol', 'Bolivia (Plurinational State of)'),
(535, 'bq', 'bes', 'Bonaire, Sint Eustatius and Saba'),
(70, 'ba', 'bih', 'Bosnia and Herzegovina'),
(72, 'bw', 'bwa', 'Botswana'),
(74, 'bv', 'bvt', 'Bouvet Island'),
(76, 'br', 'bra', 'Brazil'),
(86, 'io', 'iot', 'British Indian Ocean Territory'),
(96, 'bn', 'brn', 'Brunei Darussalam'),
(100, 'bg', 'bgr', 'Bulgaria'),
(854, 'bf', 'bfa', 'Burkina Faso'),
(108, 'bi', 'bdi', 'Burundi'),
(132, 'cv', 'cpv', 'Cabo Verde'),
(116, 'kh', 'khm', 'Cambodia'),
(120, 'cm', 'cmr', 'Cameroon'),
(124, 'ca', 'can', 'Canada'),
(136, 'ky', 'cym', 'Cayman Islands'),
(140, 'cf', 'caf', 'Central African Republic'),
(148, 'td', 'tcd', 'Chad'),
(152, 'cl', 'chl', 'Chile'),
(156, 'cn', 'chn', 'China'),
(162, 'cx', 'cxr', 'Christmas Island'),
(166, 'cc', 'cck', 'Cocos (Keeling) Islands'),
(170, 'co', 'col', 'Colombia'),
(174, 'km', 'com', 'Comoros'),
(178, 'cg', 'cog', 'Congo'),
(180, 'cd', 'cod', 'Congo, Democratic Republic of the'),
(184, 'ck', 'cok', 'Cook Islands'),
(188, 'cr', 'cri', 'Costa Rica'),
(384, 'ci', 'civ', 'Côte d\'Ivoire'),
(191, 'hr', 'hrv', 'Croatia'),
(192, 'cu', 'cub', 'Cuba'),
(531, 'cw', 'cuw', 'Curaçao'),
(196, 'cy', 'cyp', 'Cyprus'),
(203, 'cz', 'cze', 'Czechia'),
(208, 'dk', 'dnk', 'Denmark'),
(262, 'dj', 'dji', 'Djibouti'),
(212, 'dm', 'dma', 'Dominica'),
(214, 'do', 'dom', 'Dominican Republic'),
(218, 'ec', 'ecu', 'Ecuador'),
(818, 'eg', 'egy', 'Egypt'),
(222, 'sv', 'slv', 'El Salvador'),
(226, 'gq', 'gnq', 'Equatorial Guinea'),
(232, 'er', 'eri', 'Eritrea'),
(233, 'ee', 'est', 'Estonia'),
(748, 'sz', 'swz', 'Eswatini'),
(231, 'et', 'eth', 'Ethiopia'),
(238, 'fk', 'flk', 'Falkland Islands (Malvinas)'),
(234, 'fo', 'fro', 'Faroe Islands'),
(242, 'fj', 'fji', 'Fiji'),
(246, 'fi', 'fin', 'Finland'),
(250, 'fr', 'fra', 'France'),
(254, 'gf', 'guf', 'French Guiana'),
(258, 'pf', 'pyf', 'French Polynesia'),
(260, 'tf', 'atf', 'French Southern Territories'),
(266, 'ga', 'gab', 'Gabon'),
(270, 'gm', 'gmb', 'Gambia'),
(268, 'ge', 'geo', 'Georgia'),
(276, 'de', 'deu', 'Germany'),
(288, 'gh', 'gha', 'Ghana'),
(292, 'gi', 'gib', 'Gibraltar'),
(300, 'gr', 'grc', 'Greece'),
(304, 'gl', 'grl', 'Greenland'),
(308, 'gd', 'grd', 'Grenada'),
(312, 'gp', 'glp', 'Guadeloupe'),
(316, 'gu', 'gum', 'Guam'),
(320, 'gt', 'gtm', 'Guatemala'),
(831, 'gg', 'ggy', 'Guernsey'),
(324, 'gn', 'gin', 'Guinea'),
(624, 'gw', 'gnb', 'Guinea-Bissau'),
(328, 'gy', 'guy', 'Guyana'),
(332, 'ht', 'hti', 'Haiti'),
(334, 'hm', 'hmd', 'Heard Island and McDonald Islands'),
(336, 'va', 'vat', 'Holy See'),
(340, 'hn', 'hnd', 'Honduras'),
(344, 'hk', 'hkg', 'Hong Kong'),
(348, 'hu', 'hun', 'Hungary'),
(352, 'is', 'isl', 'Iceland'),
(356, 'in', 'ind', 'India'),
(360, 'id', 'idn', 'Indonesia'),
(364, 'ir', 'irn', 'Iran (Islamic Republic of)'),
(368, 'iq', 'irq', 'Iraq'),
(372, 'ie', 'irl', 'Ireland'),
(833, 'im', 'imn', 'Isle of Man'),
(376, 'il', 'isr', 'Israel'),
(380, 'it', 'ita', 'Italy'),
(388, 'jm', 'jam', 'Jamaica'),
(392, 'jp', 'jpn', 'Japan'),
(832, 'je', 'jey', 'Jersey'),
(400, 'jo', 'jor', 'Jordan'),
(398, 'kz', 'kaz', 'Kazakhstan'),
(404, 'ke', 'ken', 'Kenya'),
(296, 'ki', 'kir', 'Kiribati'),
(408, 'kp', 'prk', 'Korea (Democratic People\'s Republic of)'),
(410, 'kr', 'kor', 'Korea, Republic of'),
(414, 'kw', 'kwt', 'Kuwait'),
(417, 'kg', 'kgz', 'Kyrgyzstan'),
(418, 'la', 'lao', 'Lao People\'s Democratic Republic'),
(428, 'lv', 'lva', 'Latvia'),
(422, 'lb', 'lbn', 'Lebanon'),
(426, 'ls', 'lso', 'Lesotho'),
(430, 'lr', 'lbr', 'Liberia'),
(434, 'ly', 'lby', 'Libya'),
(438, 'li', 'lie', 'Liechtenstein'),
(440, 'lt', 'ltu', 'Lithuania'),
(442, 'lu', 'lux', 'Luxembourg'),
(446, 'mo', 'mac', 'Macao'),
(450, 'mg', 'mdg', 'Madagascar'),
(454, 'mw', 'mwi', 'Malawi'),
(458, 'my', 'mys', 'Malaysia'),
(462, 'mv', 'mdv', 'Maldives'),
(466, 'ml', 'mli', 'Mali'),
(470, 'mt', 'mlt', 'Malta'),
(584, 'mh', 'mhl', 'Marshall Islands'),
(474, 'mq', 'mtq', 'Martinique'),
(478, 'mr', 'mrt', 'Mauritania'),
(480, 'mu', 'mus', 'Mauritius'),
(175, 'yt', 'myt', 'Mayotte'),
(484, 'mx', 'mex', 'Mexico'),
(583, 'fm', 'fsm', 'Micronesia (Federated States of)'),
(498, 'md', 'mda', 'Moldova, Republic of'),
(492, 'mc', 'mco', 'Monaco'),
(496, 'mn', 'mng', 'Mongolia'),
(499, 'me', 'mne', 'Montenegro'),
(500, 'ms', 'msr', 'Montserrat'),
(504, 'ma', 'mar', 'Morocco'),
(508, 'mz', 'moz', 'Mozambique'),
(104, 'mm', 'mmr', 'Myanmar'),
(516, 'na', 'nam', 'Namibia'),
(520, 'nr', 'nru', 'Nauru'),
(524, 'np', 'npl', 'Nepal'),
(528, 'nl', 'nld', 'Netherlands'),
(540, 'nc', 'ncl', 'New Caledonia'),
(554, 'nz', 'nzl', 'New Zealand'),
(558, 'ni', 'nic', 'Nicaragua'),
(562, 'ne', 'ner', 'Niger'),
(566, 'ng', 'nga', 'Nigeria'),
(570, 'nu', 'niu', 'Niue'),
(574, 'nf', 'nfk', 'Norfolk Island'),
(807, 'mk', 'mkd', 'North Macedonia'),
(580, 'mp', 'mnp', 'Northern Mariana Islands'),
(578, 'no', 'nor', 'Norway'),
(512, 'om', 'omn', 'Oman'),
(586, 'pk', 'pak', 'Pakistan'),
(585, 'pw', 'plw', 'Palau'),
(275, 'ps', 'pse', 'Palestine, State of'),
(591, 'pa', 'pan', 'Panama'),
(598, 'pg', 'png', 'Papua New Guinea'),
(600, 'py', 'pry', 'Paraguay'),
(604, 'pe', 'per', 'Peru'),
(608, 'ph', 'phl', 'Philippines'),
(612, 'pn', 'pcn', 'Pitcairn'),
(616, 'pl', 'pol', 'Poland'),
(620, 'pt', 'prt', 'Portugal'),
(630, 'pr', 'pri', 'Puerto Rico'),
(634, 'qa', 'qat', 'Qatar'),
(638, 're', 'reu', 'Réunion'),
(642, 'ro', 'rou', 'Romania'),
(643, 'ru', 'rus', 'Russian Federation'),
(646, 'rw', 'rwa', 'Rwanda'),
(652, 'bl', 'blm', 'Saint Barthélemy'),
(654, 'sh', 'shn', 'Saint Helena, Ascension and Tristan da Cunha'),
(659, 'kn', 'kna', 'Saint Kitts and Nevis'),
(662, 'lc', 'lca', 'Saint Lucia'),
(663, 'mf', 'maf', 'Saint Martin (French part)'),
(666, 'pm', 'spm', 'Saint Pierre and Miquelon'),
(670, 'vc', 'vct', 'Saint Vincent and the Grenadines'),
(882, 'ws', 'wsm', 'Samoa'),
(674, 'sm', 'smr', 'San Marino'),
(678, 'st', 'stp', 'Sao Tome and Principe'),
(682, 'sa', 'sau', 'Saudi Arabia'),
(686, 'sn', 'sen', 'Senegal'),
(688, 'rs', 'srb', 'Serbia'),
(690, 'sc', 'syc', 'Seychelles'),
(694, 'sl', 'sle', 'Sierra Leone'),
(702, 'sg', 'sgp', 'Singapore'),
(534, 'sx', 'sxm', 'Sint Maarten (Dutch part)'),
(703, 'sk', 'svk', 'Slovakia'),
(705, 'si', 'svn', 'Slovenia'),
(90, 'sb', 'slb', 'Solomon Islands'),
(706, 'so', 'som', 'Somalia'),
(710, 'za', 'zaf', 'South Africa'),
(239, 'gs', 'sgs', 'South Georgia and the South Sandwich Islands'),
(728, 'ss', 'ssd', 'South Sudan'),
(724, 'es', 'esp', 'Spain'),
(144, 'lk', 'lka', 'Sri Lanka'),
(729, 'sd', 'sdn', 'Sudan'),
(740, 'sr', 'sur', 'Suriname'),
(744, 'sj', 'sjm', 'Svalbard and Jan Mayen'),
(752, 'se', 'swe', 'Sweden'),
(756, 'ch', 'che', 'Switzerland'),
(760, 'sy', 'syr', 'Syrian Arab Republic'),
(158, 'tw', 'twn', 'Taiwan, Province of China'),
(762, 'tj', 'tjk', 'Tajikistan'),
(834, 'tz', 'tza', 'Tanzania, United Republic of'),
(764, 'th', 'tha', 'Thailand'),
(626, 'tl', 'tls', 'Timor-Leste'),
(768, 'tg', 'tgo', 'Togo'),
(772, 'tk', 'tkl', 'Tokelau'),
(776, 'to', 'ton', 'Tonga'),
(780, 'tt', 'tto', 'Trinidad and Tobago'),
(788, 'tn', 'tun', 'Tunisia'),
(792, 'tr', 'tur', 'Turkey'),
(795, 'tm', 'tkm', 'Turkmenistan'),
(796, 'tc', 'tca', 'Turks and Caicos Islands'),
(798, 'tv', 'tuv', 'Tuvalu'),
(800, 'ug', 'uga', 'Uganda'),
(804, 'ua', 'ukr', 'Ukraine'),
(784, 'ae', 'are', 'United Arab Emirates'),
(826, 'gb', 'gbr', 'United Kingdom of Great Britain and Northern Ireland'),
(840, 'us', 'usa', 'United States of America'),
(581, 'um', 'umi', 'United States Minor Outlying Islands'),
(858, 'uy', 'ury', 'Uruguay'),
(860, 'uz', 'uzb', 'Uzbekistan'),
(548, 'vu', 'vut', 'Vanuatu'),
(862, 've', 'ven', 'Venezuela (Bolivarian Republic of)'),
(704, 'vn', 'vnm', 'Viet Nam'),
(92, 'vg', 'vgb', 'Virgin Islands (British)'),
(850, 'vi', 'vir', 'Virgin Islands (U.S.)'),
(876, 'wf', 'wlf', 'Wallis and Futuna'),
(732, 'eh', 'esh', 'Western Sahara'),
(887, 'ye', 'yem', 'Yemen'),
(894, 'zm', 'zmb', 'Zambia'),
(716, 'zw', 'zwe', 'Zimbabwe'),
(1, 'eu', 'eup', 'European Union');

--
-- 덤프된 테이블의 인덱스
--

--
-- 테이블의 인덱스 `import`
--
ALTER TABLE `import`
  ADD KEY `id` (`id`,`value`,`date`,`source`,`world_id`,`commodity`);

--
-- 테이블의 인덱스 `product`
--
ALTER TABLE `product`
  ADD PRIMARY KEY (`id`);

--
-- 테이블의 인덱스 `reserves`
--
ALTER TABLE `reserves`
  ADD PRIMARY KEY (`id`);

--
-- 테이블의 인덱스 `stock`
--
ALTER TABLE `stock`
  ADD PRIMARY KEY (`id`);

--
-- 테이블의 인덱스 `world`
--
ALTER TABLE `world`
  ADD PRIMARY KEY (`id`);

--
-- 덤프된 테이블의 AUTO_INCREMENT
--

--
-- 테이블의 AUTO_INCREMENT `product`
--
ALTER TABLE `product`
  MODIFY `id` int NOT NULL AUTO_INCREMENT, AUTO_INCREMENT=231;

--
-- 테이블의 AUTO_INCREMENT `reserves`
--
ALTER TABLE `reserves`
  MODIFY `id` int NOT NULL AUTO_INCREMENT, AUTO_INCREMENT=231;

--
-- 테이블의 AUTO_INCREMENT `stock`
--
ALTER TABLE `stock`
  MODIFY `id` int NOT NULL AUTO_INCREMENT, AUTO_INCREMENT=91;
COMMIT;

/*!40101 SET CHARACTER_SET_CLIENT=@OLD_CHARACTER_SET_CLIENT */;
/*!40101 SET CHARACTER_SET_RESULTS=@OLD_CHARACTER_SET_RESULTS */;
/*!40101 SET COLLATION_CONNECTION=@OLD_COLLATION_CONNECTION */;
